  0
SECTION
  2
HEADER
  9
$ACADVER
  1
AC1024
  9
$ACADMAINTVER
 70
6
  9
$DWGCODEPAGE
  3
ANSI_1252
  9
$LASTSAVEDBY
  1
ezdxf
  9
$INSBASE
 10
0.0
 20
0.0
 30
0.0
  9
$EXTMIN
 10
1e+20
 20
1e+20
 30
1e+20
  9
$EXTMAX
 10
-1e+20
 20
-1e+20
 30
-1e+20
  9
$LIMMIN
 10
0.0
 20
0.0
  9
$LIMMAX
 10
420.0
 20
297.0
  9
$ORTHOMODE
 70
0
  9
$REGENMODE
 70
1
  9
$FILLMODE
 70
1
  9
$QTEXTMODE
 70
0
  9
$MIRRTEXT
 70
1
  9
$LTSCALE
 40
1.0
  9
$ATTMODE
 70
1
  9
$TEXTSIZE
 40
2.5
  9
$TRACEWID
 40
1.0
  9
$TEXTSTYLE
  7
Standard
  9
$CLAYER
  8
0
  9
$CELTYPE
  6
ByLayer
  9
$CECOLOR
 62
256
  9
$CELTSCALE
 40
1.0
  9
$DISPSILH
 70
0
  9
$DIMSCALE
 40
1.0
  9
$DIMASZ
 40
2.5
  9
$DIMEXO
 40
0.625
  9
$DIMDLI
 40
3.75
  9
$DIMRND
 40
0.0
  9
$DIMDLE
 40
0.0
  9
$DIMEXE
 40
1.25
  9
$DIMTP
 40
0.0
  9
$DIMTM
 40
0.0
  9
$DIMTXT
 40
2.5
  9
$DIMCEN
 40
2.5
  9
$DIMTSZ
 40
0.0
  9
$DIMTOL
 70
0
  9
$DIMLIM
 70
0
  9
$DIMTIH
 70
0
  9
$DIMTOH
 70
0
  9
$DIMSE1
 70
0
  9
$DIMSE2
 70
0
  9
$DIMTAD
 70
1
  9
$DIMZIN
 70
8
  9
$DIMBLK
  1

  9
$DIMASO
 70
1
  9
$DIMSHO
 70
1
  9
$DIMPOST
  1

  9
$DIMAPOST
  1

  9
$DIMALT
 70
0
  9
$DIMALTD
 70
3
  9
$DIMALTF
 40
0.03937007874
  9
$DIMLFAC
 40
1.0
  9
$DIMTOFL
 70
1
  9
$DIMTVP
 40
0.0
  9
$DIMTIX
 70
0
  9
$DIMSOXD
 70
0
  9
$DIMSAH
 70
0
  9
$DIMBLK1
  1

  9
$DIMBLK2
  1

  9
$DIMSTYLE
  2
ISO-25
  9
$DIMCLRD
 70
0
  9
$DIMCLRE
 70
0
  9
$DIMCLRT
 70
0
  9
$DIMTFAC
 40
1.0
  9
$DIMGAP
 40
0.625
  9
$DIMJUST
 70
0
  9
$DIMSD1
 70
0
  9
$DIMSD2
 70
0
  9
$DIMTOLJ
 70
0
  9
$DIMTZIN
 70
8
  9
$DIMALTZ
 70
0
  9
$DIMALTTZ
 70
0
  9
$DIMUPT
 70
0
  9
$DIMDEC
 70
2
  9
$DIMTDEC
 70
2
  9
$DIMALTU
 70
2
  9
$DIMALTTD
 70
3
  9
$DIMTXSTY
  7
Standard
  9
$DIMAUNIT
 70
0
  9
$DIMADEC
 70
0
  9
$DIMALTRND
 40
0.0
  9
$DIMAZIN
 70
0
  9
$DIMDSEP
 70
44
  9
$DIMATFIT
 70
3
  9
$DIMFRAC
 70
0
  9
$DIMLDRBLK
  1

  9
$DIMLUNIT
 70
2
  9
$DIMLWD
 70
-2
  9
$DIMLWE
 70
-2
  9
$DIMTMOVE
 70
0
  9
$DIMFXL
 40
1.0
  9
$DIMFXLON
 70
0
  9
$DIMJOGANG
 40
0.785398163397
  9
$DIMTFILL
 70
0
  9
$DIMTFILLCLR
 70
0
  9
$DIMARCSYM
 70
0
  9
$DIMLTYPE
  6

  9
$DIMLTEX1
  6

  9
$DIMLTEX2
  6

  9
$DIMTXTDIRECTION
 70
0
  9
$LUNITS
 70
2
  9
$LUPREC
 70
6
  9
$SKETCHINC
 40
1.0
  9
$FILLETRAD
 40
10.0
  9
$AUNITS
 70
0
  9
$AUPREC
 70
2
  9
$MENU
  1
.
  9
$ELEVATION
 40
0.0
  9
$PELEVATION
 40
0.0
  9
$THICKNESS
 40
0.0
  9
$LIMCHECK
 70
0
  9
$CHAMFERA
 40
0.0
  9
$CHAMFERB
 40
0.0
  9
$CHAMFERC
 40
0.0
  9
$CHAMFERD
 40
0.0
  9
$SKPOLY
 70
0
  9
$TDCREATE
 40
2461317.9169444446
  9
$TDUCREATE
 40
2458532.153996898
  9
$TDUPDATE
 40
2461317.9169444446
  9
$TDUUPDATE
 40
2458532.1544311
  9
$TDINDWG
 40
0.0
  9
$TDUSRTIMER
 40
0.0
  9
$USRTIMER
 70
1
  9
$ANGBASE
 50
0.0
  9
$ANGDIR
 70
0
  9
$PDMODE
 70
0
  9
$PDSIZE
 40
0.0
  9
$PLINEWID
 40
0.0
  9
$SPLFRAME
 70
0
  9
$SPLINETYPE
 70
6
  9
$SPLINESEGS
 70
8
  9
$HANDSEED
  5
45A
  9
$SURFTAB1
 70
6
  9
$SURFTAB2
 70
6
  9
$SURFTYPE
 70
6
  9
$SURFU
 70
6
  9
$SURFV
 70
6
  9
$UCSBASE
  2

  9
$UCSNAME
  2

  9
$UCSORG
 10
0.0
 20
0.0
 30
0.0
  9
$UCSXDIR
 10
1.0
 20
0.0
 30
0.0
  9
$UCSYDIR
 10
0.0
 20
1.0
 30
0.0
  9
$UCSORTHOREF
  2

  9
$UCSORTHOVIEW
 70
0
  9
$UCSORGTOP
 10
0.0
 20
0.0
 30
0.0
  9
$UCSORGBOTTOM
 10
0.0
 20
0.0
 30
0.0
  9
$UCSORGLEFT
 10
0.0
 20
0.0
 30
0.0
  9
$UCSORGRIGHT
 10
0.0
 20
0.0
 30
0.0
  9
$UCSORGFRONT
 10
0.0
 20
0.0
 30
0.0
  9
$UCSORGBACK
 10
0.0
 20
0.0
 30
0.0
  9
$PUCSBASE
  2

  9
$PUCSNAME
  2

  9
$PUCSORG
 10
0.0
 20
0.0
 30
0.0
  9
$PUCSXDIR
 10
1.0
 20
0.0
 30
0.0
  9
$PUCSYDIR
 10
0.0
 20
1.0
 30
0.0
  9
$PUCSORTHOREF
  2

  9
$PUCSORTHOVIEW
 70
0
  9
$PUCSORGTOP
 10
0.0
 20
0.0
 30
0.0
  9
$PUCSORGBOTTOM
 10
0.0
 20
0.0
 30
0.0
  9
$PUCSORGLEFT
 10
0.0
 20
0.0
 30
0.0
  9
$PUCSORGRIGHT
 10
0.0
 20
0.0
 30
0.0
  9
$PUCSORGFRONT
 10
0.0
 20
0.0
 30
0.0
  9
$PUCSORGBACK
 10
0.0
 20
0.0
 30
0.0
  9
$USERI1
 70
0
  9
$USERI2
 70
0
  9
$USERI3
 70
0
  9
$USERI4
 70
0
  9
$USERI5
 70
0
  9
$USERR1
 40
0.0
  9
$USERR2
 40
0.0
  9
$USERR3
 40
0.0
  9
$USERR4
 40
0.0
  9
$USERR5
 40
0.0
  9
$WORLDVIEW
 70
1
  9
$SHADEDGE
 70
3
  9
$SHADEDIF
 70
70
  9
$TILEMODE
 70
1
  9
$MAXACTVP
 70
64
  9
$PINSBASE
 10
0.0
 20
0.0
 30
0.0
  9
$PLIMCHECK
 70
0
  9
$PEXTMIN
 10
1e+20
 20
1e+20
 30
1e+20
  9
$PEXTMAX
 10
-1e+20
 20
-1e+20
 30
-1e+20
  9
$PLIMMIN
 10
0.0
 20
0.0
  9
$PLIMMAX
 10
420.0
 20
297.0
  9
$UNITMODE
 70
0
  9
$VISRETAIN
 70
1
  9
$PLINEGEN
 70
0
  9
$PSLTSCALE
 70
1
  9
$TREEDEPTH
 70
3020
  9
$CMLSTYLE
  2
Standard
  9
$CMLJUST
 70
0
  9
$CMLSCALE
 40
20.0
  9
$PROXYGRAPHICS
 70
1
  9
$MEASUREMENT
 70
0
  9
$CELWEIGHT
370
-1
  9
$ENDCAPS
280
0
  9
$JOINSTYLE
280
0
  9
$LWDISPLAY
290
0
  9
$INSUNITS
 70
1
  9
$HYPERLINKBASE
  1

  9
$STYLESHEET
  1

  9
$XEDIT
290
1
  9
$CEPSNTYPE
380
0
  9
$PSTYLEMODE
290
1
  9
$FINGERPRINTGUID
  2
{1AC769DD-D9C8-4039-9052-05CD8836AEFB}
  9
$VERSIONGUID
  2
{AB4815E3-38B7-4D2D-AECF-2AEEC5CFDD1B}
  9
$EXTNAMES
290
1
  9
$PSVPSCALE
 40
0.0
  9
$OLESTARTUP
290
0
  9
$SORTENTS
280
127
  9
$INDEXCTL
280
0
  9
$HIDETEXT
280
1
  9
$XCLIPFRAME
280
1
  9
$HALOGAP
280
0
  9
$OBSCOLOR
 70
257
  9
$OBSLTYPE
280
0
  9
$INTERSECTIONDISPLAY
280
0
  9
$INTERSECTIONCOLOR
 70
257
  9
$DIMASSOC
280
2
  9
$PROJECTNAME
  1

  9
$CAMERADISPLAY
290
0
  9
$LENSLENGTH
 40
50.0
  9
$CAMERAHEIGHT
 40
0.0
  9
$STEPSPERSEC
 40
24.0
  9
$STEPSIZE
 40
100.0
  9
$3DDWFPREC
 40
2.0
  9
$PSOLWIDTH
 40
0.005
  9
$PSOLHEIGHT
 40
0.08
  9
$LOFTANG1
 40
1.570796326795
  9
$LOFTANG2
 40
1.570796326795
  9
$LOFTMAG1
 40
0.0
  9
$LOFTMAG2
 40
0.0
  9
$LOFTPARAM
 70
7
  9
$LOFTNORMALS
280
1
  9
$LATITUDE
 40
37.795
  9
$LONGITUDE
 40
-122.394
  9
$NORTHDIRECTION
 40
0.0
  9
$TIMEZONE
 70
-8000
  9
$LIGHTGLYPHDISPLAY
280
1
  9
$TILEMODELIGHTSYNCH
280
1
  9
$CMATERIAL
347
20
  9
$SOLIDHIST
280
0
  9
$SHOWHIST
280
1
  9
$DWFFRAME
280
2
  9
$DGNFRAME
280
2
  9
$REALWORLDSCALE
290
1
  9
$INTERFERECOLOR
 62
256
  9
$CSHADOW
280
0
  9
$SHADOWPLANELOCATION
 40
0.0
  0
ENDSEC
  0
SECTION
  2
CLASSES
  0
CLASS
  1
ACDBDICTIONARYWDFLT
  2
AcDbDictionaryWithDefault
  3
ObjectDBX Classes
 90
0
 91
0
280
0
281
0
  0
CLASS
  1
SUN
  2
AcDbSun
  3
SCENEOE
 90
1153
 91
0
280
0
281
0
  0
CLASS
  1
VISUALSTYLE
  2
AcDbVisualStyle
  3
ObjectDBX Classes
 90
4095
 91
0
280
0
281
0
  0
CLASS
  1
MATERIAL
  2
AcDbMaterial
  3
ObjectDBX Classes
 90
1153
 91
0
280
0
281
0
  0
CLASS
  1
SCALE
  2
AcDbScale
  3
ObjectDBX Classes
 90
1153
 91
0
280
0
281
0
  0
CLASS
  1
TABLESTYLE
  2
AcDbTableStyle
  3
ObjectDBX Classes
 90
4095
 91
0
280
0
281
0
  0
CLASS
  1
MLEADERSTYLE
  2
AcDbMLeaderStyle
  3
ACDB_MLEADERSTYLE_CLASS
 90
4095
 91
0
280
0
281
0
  0
CLASS
  1
DICTIONARYVAR
  2
AcDbDictionaryVar
  3
ObjectDBX Classes
 90
0
 91
0
280
0
281
0
  0
CLASS
  1
CELLSTYLEMAP
  2
AcDbCellStyleMap
  3
ObjectDBX Classes
 90
1152
 91
0
280
0
281
0
  0
CLASS
  1
MENTALRAYRENDERSETTINGS
  2
AcDbMentalRayRenderSettings
  3
SCENEOE
 90
1024
 91
0
280
0
281
0
  0
CLASS
  1
ACDBDETAILVIEWSTYLE
  2
AcDbDetailViewStyle
  3
ObjectDBX Classes
 90
1025
 91
0
280
0
281
0
  0
CLASS
  1
ACDBSECTIONVIEWSTYLE
  2
AcDbSectionViewStyle
  3
ObjectDBX Classes
 90
1025
 91
0
280
0
281
0
  0
CLASS
  1
RASTERVARIABLES
  2
AcDbRasterVariables
  3
ISM
 90
0
 91
0
280
0
281
0
  0
CLASS
  1
ACDBPLACEHOLDER
  2
AcDbPlaceHolder
  3
ObjectDBX Classes
 90
0
 91
0
280
0
281
0
  0
CLASS
  1
LAYOUT
  2
AcDbLayout
  3
ObjectDBX Classes
 90
0
 91
0
280
0
281
0
  0
ENDSEC
  0
SECTION
  2
TABLES
  0
TABLE
  2
VPORT
  5
8
330
0
100
AcDbSymbolTable
 70
1
  0
VPORT
  5
23
330
8
100
AcDbSymbolTableRecord
100
AcDbViewportTableRecord
  2
*Active
 70
0
 10
0.0
 20
0.0
 11
1.0
 21
1.0
 12
0.0
 22
0.0
 13
0.0
 23
0.0
 14
0.5
 24
0.5
 15
0.5
 25
0.5
 16
0.0
 26
0.0
 36
1.0
 17
0.0
 27
0.0
 37
0.0
 40
1000.0
 41
1.34
 42
50.0
 43
0.0
 44
0.0
 50
0.0
 51
0.0
 71
0
 72
1000
 73
1
 74
3
 75
0
 76
0
 77
0
 78
0
281
0
 65
0
146
0.0
  0
ENDTAB
  0
TABLE
  2
LTYPE
  5
2
330
0
100
AcDbSymbolTable
 70
3
  0
LTYPE
  5
24
330
2
100
AcDbSymbolTableRecord
100
AcDbLinetypeTableRecord
  2
ByBlock
 70
0
  3

 72
65
 73
0
 40
0.0
  0
LTYPE
  5
25
330
2
100
AcDbSymbolTableRecord
100
AcDbLinetypeTableRecord
  2
ByLayer
 70
0
  3

 72
65
 73
0
 40
0.0
  0
LTYPE
  5
26
330
2
100
AcDbSymbolTableRecord
100
AcDbLinetypeTableRecord
  2
Continuous
 70
0
  3

 72
65
 73
0
 40
0.0
  0
ENDTAB
  0
TABLE
  2
LAYER
  5
1
330
0
100
AcDbSymbolTable
 70
2
  0
LAYER
  5
27
330
1
100
AcDbSymbolTableRecord
100
AcDbLayerTableRecord
  2
0
 70
0
 62
7
  6
Continuous
370
-3
390
13
347
21
  0
LAYER
  5
28
330
1
100
AcDbSymbolTableRecord
100
AcDbLayerTableRecord
  2
Defpoints
 70
0
 62
7
  6
Continuous
290
0
370
-3
390
13
347
21
  0
ENDTAB
  0
TABLE
  2
STYLE
  5
5
330
0
100
AcDbSymbolTable
 70
1
  0
STYLE
  5
29
330
5
100
AcDbSymbolTableRecord
100
AcDbTextStyleTableRecord
  2
Standard
 70
0
 40
0.0
 41
1.0
 50
0.0
 71
0
 42
2.5
  3
txt
  4

  0
ENDTAB
  0
TABLE
  2
VIEW
  5
7
330
0
100
AcDbSymbolTable
 70
0
  0
ENDTAB
  0
TABLE
  2
UCS
  5
6
330
0
100
AcDbSymbolTable
 70
0
  0
ENDTAB
  0
TABLE
  2
APPID
  5
3
330
0
100
AcDbSymbolTable
 70
3
  0
APPID
  5
2A
330
3
100
AcDbSymbolTableRecord
100
AcDbRegAppTableRecord
  2
ACAD
 70
0
  0
APPID
  5
457
330
3
100
AcDbSymbolTableRecord
100
AcDbRegAppTableRecord
  2
HATCHBACKGROUNDCOLOR
 70
0
  0
APPID
  5
458
330
3
100
AcDbSymbolTableRecord
100
AcDbRegAppTableRecord
  2
EZDXF
 70
0
  0
ENDTAB
  0
TABLE
  2
DIMSTYLE
  5
4
330
0
100
AcDbSymbolTable
 70
1
100
AcDbDimStyleTable
  0
DIMSTYLE
105
2B
330
4
100
AcDbSymbolTableRecord
100
AcDbDimStyleTableRecord
  2
Standard
 70
0
 40
1.0
 41
2.5
 42
0.625
 43
3.75
 44
1.25
 45
0.0
 46
0.0
 47
0.0
 48
0.0
 49
2.5
140
2.5
141
2.5
142
0.0
143
0.03937007874
144
1.0
145
0.0
146
1.0
147
0.625
148
0.0
 69
0
 70
0
 71
0
 72
0
 73
0
 74
0
 75
0
 76
0
 77
1
 78
8
 79
3
170
0
171
3
172
1
173
0
174
0
175
0
176
0
177
0
178
0
179
2
271
2
272
2
273
2
274
3
275
0
276
0
277
2
278
44
279
0
280
0
281
0
282
0
283
0
284
8
285
0
286
0
288
0
289
3
290
0
371
-2
372
-2
  0
ENDTAB
  0
TABLE
  2
BLOCK_RECORD
  5
9
330
0
100
AcDbSymbolTable
 70
2
  0
BLOCK_RECORD
  5
17
330
9
100
AcDbSymbolTableRecord
100
AcDbBlockTableRecord
  2
*Model_Space
340
1A
 70
0
280
1
281
0
  0
BLOCK_RECORD
  5
1B
330
9
100
AcDbSymbolTableRecord
100
AcDbBlockTableRecord
  2
*Paper_Space
340
1E
 70
0
280
1
281
0
  0
ENDTAB
  0
ENDSEC
  0
SECTION
  2
BLOCKS
  0
BLOCK
  5
18
330
17
100
AcDbEntity
  8
0
100
AcDbBlockBegin
  2
*Model_Space
 70
0
 10
0.0
 20
0.0
 30
0.0
  3
*Model_Space
  1

  0
ENDBLK
  5
19
330
17
100
AcDbEntity
  8
0
100
AcDbBlockEnd
  0
BLOCK
  5
1C
330
1B
100
AcDbEntity
  8
0
100
AcDbBlockBegin
  2
*Paper_Space
 70
0
 10
0.0
 20
0.0
 30
0.0
  3
*Paper_Space
  1

  0
ENDBLK
  5
1D
330
1B
100
AcDbEntity
  8
0
100
AcDbBlockEnd
  0
ENDSEC
  0
SECTION
  2
ENTITIES
  0
LINE
  5
2F
330
17
100
AcDbEntity
  8
0
100
AcDbLine
 10
0.25
 20
11.860000000000001
 30
0.0
 11
0.25
 21
0.265
 31
0.0
  0
ARC
  5
30
330
17
100
AcDbEntity
  8
0
100
AcDbCircle
 10
0.265
 20
0.265
 30
0.0
 40
0.015000000000000001
100
AcDbArc
 50
180.0
 51
270.0
  0
LINE
  5
31
330
17
100
AcDbEntity
  8
0
100
AcDbLine
 10
0.265
 20
0.25
 30
0.0
 11
3.985
 21
0.25
 31
0.0
  0
ARC
  5
32
330
17
100
AcDbEntity
  8
0
100
AcDbCircle
 10
3.985
 20
0.265
 30
0.0
 40
0.015000000000000001
100
AcDbArc
 50
270.0
 51
0.0
  0
LINE
  5
33
330
17
100
AcDbEntity
  8
0
100
AcDbLine
 10
4.0
 20
0.265
 30
0.0
 11
4.0
 21
11.860000000000001
 31
0.0
  0
ARC
  5
34
330
17
100
AcDbEntity
  8
0
100
AcDbCircle
 10
3.985
 20
11.860000000000001
 30
0.0
 40
0.015000000000000001
100
AcDbArc
 50
0.0
 51
90.0
  0
LINE
  5
35
330
17
100
AcDbEntity
  8
0
100
AcDbLine
 10
3.985
 20
11.875000000000002
 30
0.0
 11
0.265
 21
11.875000000000002
 31
0.0
  0
ARC
  5
36
330
17
100
AcDbEntity
  8
0
100
AcDbCircle
 10
0.265
 20
11.860000000000001
 30
0.0
 40
0.015000000000000001
100
AcDbArc
 50
90.0
 51
180.0
  0
LINE
  5
37
330
17
100
AcDbEntity
  8
0
100
AcDbLine
 10
0.3575
 20
1.1600000000000001
 30
0.0
 11
0.3575
 21
0.59
 31
0.0
  0
ARC
  5
38
330
17
100
AcDbEntity
  8
0
100
AcDbCircle
 10
0.3725
 20
0.59
 30
0.0
 40
0.015000000000000001
100
AcDbArc
 50
180.0
 51
270.0
  0
LINE
  5
39
330
17
100
AcDbEntity
  8
0
100
AcDbLine
 10
0.3725
 20
0.575
 30
0.0
 11
0.49549999999999994
 21
0.575
 31
0.0
  0
ARC
  5
3A
330
17
100
AcDbEntity
  8
0
100
AcDbCircle
 10
0.49549999999999994
 20
0.59
 30
0.0
 40
0.015000000000000001
100
AcDbArc
 50
270.0
 51
0.0
  0
LINE
  5
3B
330
17
100
AcDbEntity
  8
0
100
AcDbLine
 10
0.5105
 20
0.59
 30
0.0
 11
0.5105
 21
1.1600000000000001
 31
0.0
  0
ARC
  5
3C
330
17
100
AcDbEntity
  8
0
100
AcDbCircle
 10
0.49549999999999994
 20
1.1600000000000001
 30
0.0
 40
0.015000000000000001
100
AcDbArc
 50
0.0
 51
90.0
  0
LINE
  5
3D
330
17
100
AcDbEntity
  8
0
100
AcDbLine
 10
0.49549999999999994
 20
1.175
 30
0.0
 11
0.3725
 21
1.175
 31
0.0
  0
ARC
  5
3E
330
17
100
AcDbEntity
  8
0
100
AcDbCircle
 10
0.3725
 20
1.1600000000000001
 30
0.0
 40
0.015000000000000001
100
AcDbArc
 50
90.0
 51
180.0
  0
LINE
  5
3F
330
17
100
AcDbEntity
  8
0
100
AcDbLine
 10
0.3575
 20
10.66
 30
0.0
 11
0.3575
 21
10.090000000000002
 31
0.0
  0
ARC
  5
40
330
17
100
AcDbEntity
  8
0
100
AcDbCircle
 10
0.3725
 20
10.090000000000002
 30
0.0
 40
0.015000000000000001
100
AcDbArc
 50
180.0
 51
270.0
  0
LINE
  5
41
330
17
100
AcDbEntity
  8
0
100
AcDbLine
 10
0.3725
 20
10.075000000000001
 30
0.0
 11
0.49549999999999994
 21
10.075000000000001
 31
0.0
  0
ARC
  5
42
330
17
100
AcDbEntity
  8
0
100
AcDbCircle
 10
0.49549999999999994
 20
10.090000000000002
 30
0.0
 40
0.015000000000000001
100
AcDbArc
 50
270.0
 51
0.0
  0
LINE
  5
43
330
17
100
AcDbEntity
  8
0
100
AcDbLine
 10
0.5105
 20
10.090000000000002
 30
0.0
 11
0.5105
 21
10.66
 31
0.0
  0
ARC
  5
44
330
17
100
AcDbEntity
  8
0
100
AcDbCircle
 10
0.49549999999999994
 20
10.66
 30
0.0
 40
0.015000000000000001
100
AcDbArc
 50
0.0
 51
90.0
  0
LINE
  5
45
330
17
100
AcDbEntity
  8
0
100
AcDbLine
 10
0.49549999999999994
 20
10.675
 30
0.0
 11
0.3725
 21
10.675
 31
0.0
  0
ARC
  5
46
330
17
100
AcDbEntity
  8
0
100
AcDbCircle
 10
0.3725
 20
10.66
 30
0.0
 40
0.015000000000000001
100
AcDbArc
 50
90.0
 51
180.0
  0
LINE
  5
47
330
17
100
AcDbEntity
  8
0
100
AcDbLine
 10
0.3575
 20
1.91
 30
0.0
 11
0.3575
 21
1.3399999999999999
 31
0.0
  0
ARC
  5
48
330
17
100
AcDbEntity
  8
0
100
AcDbCircle
 10
0.3725
 20
1.3399999999999999
 30
0.0
 40
0.015000000000000001
100
AcDbArc
 50
180.0
 51
270.0
  0
LINE
  5
49
330
17
100
AcDbEntity
  8
0
100
AcDbLine
 10
0.3725
 20
1.325
 30
0.0
 11
0.49549999999999994
 21
1.325
 31
0.0
  0
ARC
  5
4A
330
17
100
AcDbEntity
  8
0
100
AcDbCircle
 10
0.49549999999999994
 20
1.3399999999999999
 30
0.0
 40
0.015000000000000001
100
AcDbArc
 50
270.0
 51
0.0
  0
LINE
  5
4B
330
17
100
AcDbEntity
  8
0
100
AcDbLine
 10
0.5105
 20
1.3399999999999999
 30
0.0
 11
0.5105
 21
1.91
 31
0.0
  0
ARC
  5
4C
330
17
100
AcDbEntity
  8
0
100
AcDbCircle
 10
0.49549999999999994
 20
1.91
 30
0.0
 40
0.015000000000000001
100
AcDbArc
 50
0.0
 51
90.0
  0
LINE
  5
4D
330
17
100
AcDbEntity
  8
0
100
AcDbLine
 10
0.49549999999999994
 20
1.9249999999999998
 30
0.0
 11
0.3725
 21
1.9249999999999998
 31
0.0
  0
ARC
  5
4E
330
17
100
AcDbEntity
  8
0
100
AcDbCircle
 10
0.3725
 20
1.91
 30
0.0
 40
0.015000000000000001
100
AcDbArc
 50
90.0
 51
180.0
  0
LINE
  5
4F
330
17
100
AcDbEntity
  8
0
100
AcDbLine
 10
0.3575
 20
11.41
 30
0.0
 11
0.3575
 21
10.840000000000002
 31
0.0
  0
ARC
  5
50
330
17
100
AcDbEntity
  8
0
100
AcDbCircle
 10
0.3725
 20
10.840000000000002
 30
0.0
 40
0.015000000000000001
100
AcDbArc
 50
180.0
 51
270.0
  0
LINE
  5
51
330
17
100
AcDbEntity
  8
0
100
AcDbLine
 10
0.3725
 20
10.825000000000001
 30
0.0
 11
0.49549999999999994
 21
10.825000000000001
 31
0.0
  0
ARC
  5
52
330
17
100
AcDbEntity
  8
0
100
AcDbCircle
 10
0.49549999999999994
 20
10.840000000000002
 30
0.0
 40
0.015000000000000001
100
AcDbArc
 50
270.0
 51
0.0
  0
LINE
  5
53
330
17
100
AcDbEntity
  8
0
100
AcDbLine
 10
0.5105
 20
10.840000000000002
 30
0.0
 11
0.5105
 21
11.41
 31
0.0
  0
ARC
  5
54
330
17
100
AcDbEntity
  8
0
100
AcDbCircle
 10
0.49549999999999994
 20
11.41
 30
0.0
 40
0.015000000000000001
100
AcDbArc
 50
0.0
 51
90.0
  0
LINE
  5
55
330
17
100
AcDbEntity
  8
0
100
AcDbLine
 10
0.49549999999999994
 20
11.425
 30
0.0
 11
0.3725
 21
11.425
 31
0.0
  0
ARC
  5
56
330
17
100
AcDbEntity
  8
0
100
AcDbCircle
 10
0.3725
 20
11.41
 30
0.0
 40
0.015000000000000001
100
AcDbArc
 50
90.0
 51
180.0
  0
LINE
  5
57
330
17
100
AcDbEntity
  8
0
100
AcDbLine
 10
3.7395000000000005
 20
1.1600000000000001
 30
0.0
 11
3.7395000000000005
 21
0.59
 31
0.0
  0
ARC
  5
58
330
17
100
AcDbEntity
  8
0
100
AcDbCircle
 10
3.7545000000000006
 20
0.59
 30
0.0
 40
0.015000000000000001
100
AcDbArc
 50
180.0
 51
270.0
  0
LINE
  5
59
330
17
100
AcDbEntity
  8
0
100
AcDbLine
 10
3.7545000000000006
 20
0.575
 30
0.0
 11
3.8775000000000004
 21
0.575
 31
0.0
  0
ARC
  5
5A
330
17
100
AcDbEntity
  8
0
100
AcDbCircle
 10
3.8775000000000004
 20
0.59
 30
0.0
 40
0.015000000000000001
100
AcDbArc
 50
270.0
 51
0.0
  0
LINE
  5
5B
330
17
100
AcDbEntity
  8
0
100
AcDbLine
 10
3.8925000000000005
 20
0.59
 30
0.0
 11
3.8925000000000005
 21
1.1600000000000001
 31
0.0
  0
ARC
  5
5C
330
17
100
AcDbEntity
  8
0
100
AcDbCircle
 10
3.8775000000000004
 20
1.1600000000000001
 30
0.0
 40
0.015000000000000001
100
AcDbArc
 50
0.0
 51
90.0
  0
LINE
  5
5D
330
17
100
AcDbEntity
  8
0
100
AcDbLine
 10
3.8775000000000004
 20
1.175
 30
0.0
 11
3.7545000000000006
 21
1.175
 31
0.0
  0
ARC
  5
5E
330
17
100
AcDbEntity
  8
0
100
AcDbCircle
 10
3.7545000000000006
 20
1.1600000000000001
 30
0.0
 40
0.015000000000000001
100
AcDbArc
 50
90.0
 51
180.0
  0
LINE
  5
5F
330
17
100
AcDbEntity
  8
0
100
AcDbLine
 10
3.7395000000000005
 20
10.66
 30
0.0
 11
3.7395000000000005
 21
10.090000000000002
 31
0.0
  0
ARC
  5
60
330
17
100
AcDbEntity
  8
0
100
AcDbCircle
 10
3.7545000000000006
 20
10.090000000000002
 30
0.0
 40
0.015000000000000001
100
AcDbArc
 50
180.0
 51
270.0
  0
LINE
  5
61
330
17
100
AcDbEntity
  8
0
100
AcDbLine
 10
3.7545000000000006
 20
10.075000000000001
 30
0.0
 11
3.8775000000000004
 21
10.075000000000001
 31
0.0
  0
ARC
  5
62
330
17
100
AcDbEntity
  8
0
100
AcDbCircle
 10
3.8775000000000004
 20
10.090000000000002
 30
0.0
 40
0.015000000000000001
100
AcDbArc
 50
270.0
 51
0.0
  0
LINE
  5
63
330
17
100
AcDbEntity
  8
0
100
AcDbLine
 10
3.8925000000000005
 20
10.090000000000002
 30
0.0
 11
3.8925000000000005
 21
10.66
 31
0.0
  0
ARC
  5
64
330
17
100
AcDbEntity
  8
0
100
AcDbCircle
 10
3.8775000000000004
 20
10.66
 30
0.0
 40
0.015000000000000001
100
AcDbArc
 50
0.0
 51
90.0
  0
LINE
  5
65
330
17
100
AcDbEntity
  8
0
100
AcDbLine
 10
3.8775000000000004
 20
10.675
 30
0.0
 11
3.7545000000000006
 21
10.675
 31
0.0
  0
ARC
  5
66
330
17
100
AcDbEntity
  8
0
100
AcDbCircle
 10
3.7545000000000006
 20
10.66
 30
0.0
 40
0.015000000000000001
100
AcDbArc
 50
90.0
 51
180.0
  0
LINE
  5
67
330
17
100
AcDbEntity
  8
0
100
AcDbLine
 10
3.7395000000000005
 20
1.91
 30
0.0
 11
3.7395000000000005
 21
1.3399999999999999
 31
0.0
  0
ARC
  5
68
330
17
100
AcDbEntity
  8
0
100
AcDbCircle
 10
3.7545000000000006
 20
1.3399999999999999
 30
0.0
 40
0.015000000000000001
100
AcDbArc
 50
180.0
 51
270.0
  0
LINE
  5
69
330
17
100
AcDbEntity
  8
0
100
AcDbLine
 10
3.7545000000000006
 20
1.325
 30
0.0
 11
3.8775000000000004
 21
1.325
 31
0.0
  0
ARC
  5
6A
330
17
100
AcDbEntity
  8
0
100
AcDbCircle
 10
3.8775000000000004
 20
1.3399999999999999
 30
0.0
 40
0.015000000000000001
100
AcDbArc
 50
270.0
 51
0.0
  0
LINE
  5
6B
330
17
100
AcDbEntity
  8
0
100
AcDbLine
 10
3.8925000000000005
 20
1.3399999999999999
 30
0.0
 11
3.8925000000000005
 21
1.91
 31
0.0
  0
ARC
  5
6C
330
17
100
AcDbEntity
  8
0
100
AcDbCircle
 10
3.8775000000000004
 20
1.91
 30
0.0
 40
0.015000000000000001
100
AcDbArc
 50
0.0
 51
90.0
  0
LINE
  5
6D
330
17
100
AcDbEntity
  8
0
100
AcDbLine
 10
3.8775000000000004
 20
1.9249999999999998
 30
0.0
 11
3.7545000000000006
 21
1.9249999999999998
 31
0.0
  0
ARC
  5
6E
330
17
100
AcDbEntity
  8
0
100
AcDbCircle
 10
3.7545000000000006
 20
1.91
 30
0.0
 40
0.015000000000000001
100
AcDbArc
 50
90.0
 51
180.0
  0
LINE
  5
6F
330
17
100
AcDbEntity
  8
0
100
AcDbLine
 10
3.7395000000000005
 20
11.41
 30
0.0
 11
3.7395000000000005
 21
10.840000000000002
 31
0.0
  0
ARC
  5
70
330
17
100
AcDbEntity
  8
0
100
AcDbCircle
 10
3.7545000000000006
 20
10.840000000000002
 30
0.0
 40
0.015000000000000001
100
AcDbArc
 50
180.0
 51
270.0
  0
LINE
  5
71
330
17
100
AcDbEntity
  8
0
100
AcDbLine
 10
3.7545000000000006
 20
10.825000000000001
 30
0.0
 11
3.8775000000000004
 21
10.825000000000001
 31
0.0
  0
ARC
  5
72
330
17
100
AcDbEntity
  8
0
100
AcDbCircle
 10
3.8775000000000004
 20
10.840000000000002
 30
0.0
 40
0.015000000000000001
100
AcDbArc
 50
270.0
 51
0.0
  0
LINE
  5
73
330
17
100
AcDbEntity
  8
0
100
AcDbLine
 10
3.8925000000000005
 20
10.840000000000002
 30
0.0
 11
3.8925000000000005
 21
11.41
 31
0.0
  0
ARC
  5
74
330
17
100
AcDbEntity
  8
0
100
AcDbCircle
 10
3.8775000000000004
 20
11.41
 30
0.0
 40
0.015000000000000001
100
AcDbArc
 50
0.0
 51
90.0
  0
LINE
  5
75
330
17
100
AcDbEntity
  8
0
100
AcDbLine
 10
3.8775000000000004
 20
11.425
 30
0.0
 11
3.7545000000000006
 21
11.425
 31
0.0
  0
ARC
  5
76
330
17
100
AcDbEntity
  8
0
100
AcDbCircle
 10
3.7545000000000006
 20
11.41
 30
0.0
 40
0.015000000000000001
100
AcDbArc
 50
90.0
 51
180.0
  0
LINE
  5
77
330
17
100
AcDbEntity
  8
0
100
AcDbLine
 10
0.803
 20
11.752500000000003
 30
0.0
 11
0.803
 21
11.629500000000004
 31
0.0
  0
ARC
  5
78
330
17
100
AcDbEntity
  8
0
100
AcDbCircle
 10
0.8180000000000001
 20
11.629500000000004
 30
0.0
 40
0.015000000000000001
100
AcDbArc
 50
180.0
 51
270.0
  0
LINE
  5
79
330
17
100
AcDbEntity
  8
0
100
AcDbLine
 10
0.8180000000000001
 20
11.614500000000003
 30
0.0
 11
1.2680000000000002
 21
11.614500000000003
 31
0.0
  0
ARC
  5
7A
330
17
100
AcDbEntity
  8
0
100
AcDbCircle
 10
1.2680000000000002
 20
11.629500000000004
 30
0.0
 40
0.015000000000000001
100
AcDbArc
 50
270.0
 51
0.0
  0
LINE
  5
7B
330
17
100
AcDbEntity
  8
0
100
AcDbLine
 10
1.2830000000000001
 20
11.629500000000004
 30
0.0
 11
1.2830000000000001
 21
11.752500000000003
 31
0.0
  0
ARC
  5
7C
330
17
100
AcDbEntity
  8
0
100
AcDbCircle
 10
1.2680000000000002
 20
11.752500000000003
 30
0.0
 40
0.015000000000000001
100
AcDbArc
 50
0.0
 51
90.0
  0
LINE
  5
7D
330
17
100
AcDbEntity
  8
0
100
AcDbLine
 10
1.2680000000000002
 20
11.767500000000004
 30
0.0
 11
0.8180000000000001
 21
11.767500000000004
 31
0.0
  0
ARC
  5
7E
330
17
100
AcDbEntity
  8
0
100
AcDbCircle
 10
0.8180000000000001
 20
11.752500000000003
 30
0.0
 40
0.015000000000000001
100
AcDbArc
 50
90.0
 51
180.0
  0
LINE
  5
7F
330
17
100
AcDbEntity
  8
0
100
AcDbLine
 10
2.2030000000000003
 20
11.752500000000003
 30
0.0
 11
2.2030000000000003
 21
11.629500000000004
 31
0.0
  0
ARC
  5
80
330
17
100
AcDbEntity
  8
0
100
AcDbCircle
 10
2.2180000000000004
 20
11.629500000000004
 30
0.0
 40
0.015000000000000001
100
AcDbArc
 50
180.0
 51
270.0
  0
LINE
  5
81
330
17
100
AcDbEntity
  8
0
100
AcDbLine
 10
2.2180000000000004
 20
11.614500000000003
 30
0.0
 11
2.668
 21
11.614500000000003
 31
0.0
  0
ARC
  5
82
330
17
100
AcDbEntity
  8
0
100
AcDbCircle
 10
2.668
 20
11.629500000000004
 30
0.0
 40
0.015000000000000001
100
AcDbArc
 50
270.0
 51
0.0
  0
LINE
  5
83
330
17
100
AcDbEntity
  8
0
100
AcDbLine
 10
2.6830000000000003
 20
11.629500000000004
 30
0.0
 11
2.6830000000000003
 21
11.752500000000003
 31
0.0
  0
ARC
  5
84
330
17
100
AcDbEntity
  8
0
100
AcDbCircle
 10
2.668
 20
11.752500000000003
 30
0.0
 40
0.015000000000000001
100
AcDbArc
 50
0.0
 51
90.0
  0
LINE
  5
85
330
17
100
AcDbEntity
  8
0
100
AcDbLine
 10
2.668
 20
11.767500000000004
 30
0.0
 11
2.2180000000000004
 21
11.767500000000004
 31
0.0
  0
ARC
  5
86
330
17
100
AcDbEntity
  8
0
100
AcDbCircle
 10
2.2180000000000004
 20
11.752500000000003
 30
0.0
 40
0.015000000000000001
100
AcDbArc
 50
90.0
 51
180.0
  0
LINE
  5
87
330
17
100
AcDbEntity
  8
0
100
AcDbLine
 10
1.5530000000000002
 20
11.752500000000003
 30
0.0
 11
1.5530000000000002
 21
11.629500000000004
 31
0.0
  0
ARC
  5
88
330
17
100
AcDbEntity
  8
0
100
AcDbCircle
 10
1.568
 20
11.629500000000004
 30
0.0
 40
0.015000000000000001
100
AcDbArc
 50
180.0
 51
270.0
  0
LINE
  5
89
330
17
100
AcDbEntity
  8
0
100
AcDbLine
 10
1.568
 20
11.614500000000003
 30
0.0
 11
2.0180000000000002
 21
11.614500000000003
 31
0.0
  0
ARC
  5
8A
330
17
100
AcDbEntity
  8
0
100
AcDbCircle
 10
2.0180000000000002
 20
11.629500000000004
 30
0.0
 40
0.015000000000000001
100
AcDbArc
 50
270.0
 51
0.0
  0
LINE
  5
8B
330
17
100
AcDbEntity
  8
0
100
AcDbLine
 10
2.0330000000000004
 20
11.629500000000004
 30
0.0
 11
2.0330000000000004
 21
11.752500000000003
 31
0.0
  0
ARC
  5
8C
330
17
100
AcDbEntity
  8
0
100
AcDbCircle
 10
2.0180000000000002
 20
11.752500000000003
 30
0.0
 40
0.015000000000000001
100
AcDbArc
 50
0.0
 51
90.0
  0
LINE
  5
8D
330
17
100
AcDbEntity
  8
0
100
AcDbLine
 10
2.0180000000000002
 20
11.767500000000004
 30
0.0
 11
1.568
 21
11.767500000000004
 31
0.0
  0
ARC
  5
8E
330
17
100
AcDbEntity
  8
0
100
AcDbCircle
 10
1.568
 20
11.752500000000003
 30
0.0
 40
0.015000000000000001
100
AcDbArc
 50
90.0
 51
180.0
  0
LINE
  5
8F
330
17
100
AcDbEntity
  8
0
100
AcDbLine
 10
2.953
 20
11.752500000000003
 30
0.0
 11
2.953
 21
11.629500000000004
 31
0.0
  0
ARC
  5
90
330
17
100
AcDbEntity
  8
0
100
AcDbCircle
 10
2.968
 20
11.629500000000004
 30
0.0
 40
0.015000000000000001
100
AcDbArc
 50
180.0
 51
270.0
  0
LINE
  5
91
330
17
100
AcDbEntity
  8
0
100
AcDbLine
 10
2.968
 20
11.614500000000003
 30
0.0
 11
3.4179999999999997
 21
11.614500000000003
 31
0.0
  0
ARC
  5
92
330
17
100
AcDbEntity
  8
0
100
AcDbCircle
 10
3.4179999999999997
 20
11.629500000000004
 30
0.0
 40
0.015000000000000001
100
AcDbArc
 50
270.0
 51
0.0
  0
LINE
  5
93
330
17
100
AcDbEntity
  8
0
100
AcDbLine
 10
3.433
 20
11.629500000000004
 30
0.0
 11
3.433
 21
11.752500000000003
 31
0.0
  0
ARC
  5
94
330
17
100
AcDbEntity
  8
0
100
AcDbCircle
 10
3.4179999999999997
 20
11.752500000000003
 30
0.0
 40
0.015000000000000001
100
AcDbArc
 50
0.0
 51
90.0
  0
LINE
  5
95
330
17
100
AcDbEntity
  8
0
100
AcDbLine
 10
3.4179999999999997
 20
11.767500000000004
 30
0.0
 11
2.968
 21
11.767500000000004
 31
0.0
  0
ARC
  5
96
330
17
100
AcDbEntity
  8
0
100
AcDbCircle
 10
2.968
 20
11.752500000000003
 30
0.0
 40
0.015000000000000001
100
AcDbArc
 50
90.0
 51
180.0
  0
LINE
  5
97
330
17
100
AcDbEntity
  8
0
100
AcDbLine
 10
0.25
 20
23.545
 30
0.0
 11
0.25
 21
11.950000000000003
 31
0.0
  0
ARC
  5
98
330
17
100
AcDbEntity
  8
0
100
AcDbCircle
 10
0.265
 20
11.950000000000003
 30
0.0
 40
0.015000000000000001
100
AcDbArc
 50
180.0
 51
270.0
  0
LINE
  5
99
330
17
100
AcDbEntity
  8
0
100
AcDbLine
 10
0.265
 20
11.935000000000002
 30
0.0
 11
3.985
 21
11.935000000000002
 31
0.0
  0
ARC
  5
9A
330
17
100
AcDbEntity
  8
0
100
AcDbCircle
 10
3.985
 20
11.950000000000003
 30
0.0
 40
0.015000000000000001
100
AcDbArc
 50
270.0
 51
0.0
  0
LINE
  5
9B
330
17
100
AcDbEntity
  8
0
100
AcDbLine
 10
4.0
 20
11.950000000000003
 30
0.0
 11
4.0
 21
23.545
 31
0.0
  0
ARC
  5
9C
330
17
100
AcDbEntity
  8
0
100
AcDbCircle
 10
3.985
 20
23.545
 30
0.0
 40
0.015000000000000001
100
AcDbArc
 50
0.0
 51
90.0
  0
LINE
  5
9D
330
17
100
AcDbEntity
  8
0
100
AcDbLine
 10
3.985
 20
23.560000000000002
 30
0.0
 11
0.265
 21
23.560000000000002
 31
0.0
  0
ARC
  5
9E
330
17
100
AcDbEntity
  8
0
100
AcDbCircle
 10
0.265
 20
23.545
 30
0.0
 40
0.015000000000000001
100
AcDbArc
 50
90.0
 51
180.0
  0
LINE
  5
9F
330
17
100
AcDbEntity
  8
0
100
AcDbLine
 10
0.3575
 20
12.845000000000002
 30
0.0
 11
0.3575
 21
12.275000000000002
 31
0.0
  0
ARC
  5
A0
330
17
100
AcDbEntity
  8
0
100
AcDbCircle
 10
0.3725
 20
12.275000000000002
 30
0.0
 40
0.015000000000000001
100
AcDbArc
 50
180.0
 51
270.0
  0
LINE
  5
A1
330
17
100
AcDbEntity
  8
0
100
AcDbLine
 10
0.3725
 20
12.260000000000002
 30
0.0
 11
0.49549999999999994
 21
12.260000000000002
 31
0.0
  0
ARC
  5
A2
330
17
100
AcDbEntity
  8
0
100
AcDbCircle
 10
0.49549999999999994
 20
12.275000000000002
 30
0.0
 40
0.015000000000000001
100
AcDbArc
 50
270.0
 51
0.0
  0
LINE
  5
A3
330
17
100
AcDbEntity
  8
0
100
AcDbLine
 10
0.5105
 20
12.275000000000002
 30
0.0
 11
0.5105
 21
12.845000000000002
 31
0.0
  0
ARC
  5
A4
330
17
100
AcDbEntity
  8
0
100
AcDbCircle
 10
0.49549999999999994
 20
12.845000000000002
 30
0.0
 40
0.015000000000000001
100
AcDbArc
 50
0.0
 51
90.0
  0
LINE
  5
A5
330
17
100
AcDbEntity
  8
0
100
AcDbLine
 10
0.49549999999999994
 20
12.860000000000003
 30
0.0
 11
0.3725
 21
12.860000000000003
 31
0.0
  0
ARC
  5
A6
330
17
100
AcDbEntity
  8
0
100
AcDbCircle
 10
0.3725
 20
12.845000000000002
 30
0.0
 40
0.015000000000000001
100
AcDbArc
 50
90.0
 51
180.0
  0
LINE
  5
A7
330
17
100
AcDbEntity
  8
0
100
AcDbLine
 10
0.3575
 20
22.345000000000002
 30
0.0
 11
0.3575
 21
21.775000000000006
 31
0.0
  0
ARC
  5
A8
330
17
100
AcDbEntity
  8
0
100
AcDbCircle
 10
0.3725
 20
21.775000000000006
 30
0.0
 40
0.015000000000000001
100
AcDbArc
 50
180.0
 51
270.0
  0
LINE
  5
A9
330
17
100
AcDbEntity
  8
0
100
AcDbLine
 10
0.3725
 20
21.760000000000005
 30
0.0
 11
0.49549999999999994
 21
21.760000000000005
 31
0.0
  0
ARC
  5
AA
330
17
100
AcDbEntity
  8
0
100
AcDbCircle
 10
0.49549999999999994
 20
21.775000000000006
 30
0.0
 40
0.015000000000000001
100
AcDbArc
 50
270.0
 51
0.0
  0
LINE
  5
AB
330
17
100
AcDbEntity
  8
0
100
AcDbLine
 10
0.5105
 20
21.775000000000006
 30
0.0
 11
0.5105
 21
22.345000000000002
 31
0.0
  0
ARC
  5
AC
330
17
100
AcDbEntity
  8
0
100
AcDbCircle
 10
0.49549999999999994
 20
22.345000000000002
 30
0.0
 40
0.015000000000000001
100
AcDbArc
 50
0.0
 51
90.0
  0
LINE
  5
AD
330
17
100
AcDbEntity
  8
0
100
AcDbLine
 10
0.49549999999999994
 20
22.360000000000003
 30
0.0
 11
0.3725
 21
22.360000000000003
 31
0.0
  0
ARC
  5
AE
330
17
100
AcDbEntity
  8
0
100
AcDbCircle
 10
0.3725
 20
22.345000000000002
 30
0.0
 40
0.015000000000000001
100
AcDbArc
 50
90.0
 51
180.0
  0
LINE
  5
AF
330
17
100
AcDbEntity
  8
0
100
AcDbLine
 10
0.3575
 20
13.595000000000002
 30
0.0
 11
0.3575
 21
13.025000000000002
 31
0.0
  0
ARC
  5
B0
330
17
100
AcDbEntity
  8
0
100
AcDbCircle
 10
0.3725
 20
13.025000000000002
 30
0.0
 40
0.015000000000000001
100
AcDbArc
 50
180.0
 51
270.0
  0
LINE
  5
B1
330
17
100
AcDbEntity
  8
0
100
AcDbLine
 10
0.3725
 20
13.010000000000002
 30
0.0
 11
0.49549999999999994
 21
13.010000000000002
 31
0.0
  0
ARC
  5
B2
330
17
100
AcDbEntity
  8
0
100
AcDbCircle
 10
0.49549999999999994
 20
13.025000000000002
 30
0.0
 40
0.015000000000000001
100
AcDbArc
 50
270.0
 51
0.0
  0
LINE
  5
B3
330
17
100
AcDbEntity
  8
0
100
AcDbLine
 10
0.5105
 20
13.025000000000002
 30
0.0
 11
0.5105
 21
13.595000000000002
 31
0.0
  0
ARC
  5
B4
330
17
100
AcDbEntity
  8
0
100
AcDbCircle
 10
0.49549999999999994
 20
13.595000000000002
 30
0.0
 40
0.015000000000000001
100
AcDbArc
 50
0.0
 51
90.0
  0
LINE
  5
B5
330
17
100
AcDbEntity
  8
0
100
AcDbLine
 10
0.49549999999999994
 20
13.610000000000003
 30
0.0
 11
0.3725
 21
13.610000000000003
 31
0.0
  0
ARC
  5
B6
330
17
100
AcDbEntity
  8
0
100
AcDbCircle
 10
0.3725
 20
13.595000000000002
 30
0.0
 40
0.015000000000000001
100
AcDbArc
 50
90.0
 51
180.0
  0
LINE
  5
B7
330
17
100
AcDbEntity
  8
0
100
AcDbLine
 10
0.3575
 20
23.095000000000002
 30
0.0
 11
0.3575
 21
22.525000000000006
 31
0.0
  0
ARC
  5
B8
330
17
100
AcDbEntity
  8
0
100
AcDbCircle
 10
0.3725
 20
22.525000000000006
 30
0.0
 40
0.015000000000000001
100
AcDbArc
 50
180.0
 51
270.0
  0
LINE
  5
B9
330
17
100
AcDbEntity
  8
0
100
AcDbLine
 10
0.3725
 20
22.510000000000005
 30
0.0
 11
0.49549999999999994
 21
22.510000000000005
 31
0.0
  0
ARC
  5
BA
330
17
100
AcDbEntity
  8
0
100
AcDbCircle
 10
0.49549999999999994
 20
22.525000000000006
 30
0.0
 40
0.015000000000000001
100
AcDbArc
 50
270.0
 51
0.0
  0
LINE
  5
BB
330
17
100
AcDbEntity
  8
0
100
AcDbLine
 10
0.5105
 20
22.525000000000006
 30
0.0
 11
0.5105
 21
23.095000000000002
 31
0.0
  0
ARC
  5
BC
330
17
100
AcDbEntity
  8
0
100
AcDbCircle
 10
0.49549999999999994
 20
23.095000000000002
 30
0.0
 40
0.015000000000000001
100
AcDbArc
 50
0.0
 51
90.0
  0
LINE
  5
BD
330
17
100
AcDbEntity
  8
0
100
AcDbLine
 10
0.49549999999999994
 20
23.110000000000003
 30
0.0
 11
0.3725
 21
23.110000000000003
 31
0.0
  0
ARC
  5
BE
330
17
100
AcDbEntity
  8
0
100
AcDbCircle
 10
0.3725
 20
23.095000000000002
 30
0.0
 40
0.015000000000000001
100
AcDbArc
 50
90.0
 51
180.0
  0
LINE
  5
BF
330
17
100
AcDbEntity
  8
0
100
AcDbLine
 10
3.7395000000000005
 20
12.845000000000002
 30
0.0
 11
3.7395000000000005
 21
12.275000000000002
 31
0.0
  0
ARC
  5
C0
330
17
100
AcDbEntity
  8
0
100
AcDbCircle
 10
3.7545000000000006
 20
12.275000000000002
 30
0.0
 40
0.015000000000000001
100
AcDbArc
 50
180.0
 51
270.0
  0
LINE
  5
C1
330
17
100
AcDbEntity
  8
0
100
AcDbLine
 10
3.7545000000000006
 20
12.260000000000002
 30
0.0
 11
3.8775000000000004
 21
12.260000000000002
 31
0.0
  0
ARC
  5
C2
330
17
100
AcDbEntity
  8
0
100
AcDbCircle
 10
3.8775000000000004
 20
12.275000000000002
 30
0.0
 40
0.015000000000000001
100
AcDbArc
 50
270.0
 51
0.0
  0
LINE
  5
C3
330
17
100
AcDbEntity
  8
0
100
AcDbLine
 10
3.8925000000000005
 20
12.275000000000002
 30
0.0
 11
3.8925000000000005
 21
12.845000000000002
 31
0.0
  0
ARC
  5
C4
330
17
100
AcDbEntity
  8
0
100
AcDbCircle
 10
3.8775000000000004
 20
12.845000000000002
 30
0.0
 40
0.015000000000000001
100
AcDbArc
 50
0.0
 51
90.0
  0
LINE
  5
C5
330
17
100
AcDbEntity
  8
0
100
AcDbLine
 10
3.8775000000000004
 20
12.860000000000003
 30
0.0
 11
3.7545000000000006
 21
12.860000000000003
 31
0.0
  0
ARC
  5
C6
330
17
100
AcDbEntity
  8
0
100
AcDbCircle
 10
3.7545000000000006
 20
12.845000000000002
 30
0.0
 40
0.015000000000000001
100
AcDbArc
 50
90.0
 51
180.0
  0
LINE
  5
C7
330
17
100
AcDbEntity
  8
0
100
AcDbLine
 10
3.7395000000000005
 20
22.345000000000002
 30
0.0
 11
3.7395000000000005
 21
21.775000000000006
 31
0.0
  0
ARC
  5
C8
330
17
100
AcDbEntity
  8
0
100
AcDbCircle
 10
3.7545000000000006
 20
21.775000000000006
 30
0.0
 40
0.015000000000000001
100
AcDbArc
 50
180.0
 51
270.0
  0
LINE
  5
C9
330
17
100
AcDbEntity
  8
0
100
AcDbLine
 10
3.7545000000000006
 20
21.760000000000005
 30
0.0
 11
3.8775000000000004
 21
21.760000000000005
 31
0.0
  0
ARC
  5
CA
330
17
100
AcDbEntity
  8
0
100
AcDbCircle
 10
3.8775000000000004
 20
21.775000000000006
 30
0.0
 40
0.015000000000000001
100
AcDbArc
 50
270.0
 51
0.0
  0
LINE
  5
CB
330
17
100
AcDbEntity
  8
0
100
AcDbLine
 10
3.8925000000000005
 20
21.775000000000006
 30
0.0
 11
3.8925000000000005
 21
22.345000000000002
 31
0.0
  0
ARC
  5
CC
330
17
100
AcDbEntity
  8
0
100
AcDbCircle
 10
3.8775000000000004
 20
22.345000000000002
 30
0.0
 40
0.015000000000000001
100
AcDbArc
 50
0.0
 51
90.0
  0
LINE
  5
CD
330
17
100
AcDbEntity
  8
0
100
AcDbLine
 10
3.8775000000000004
 20
22.360000000000003
 30
0.0
 11
3.7545000000000006
 21
22.360000000000003
 31
0.0
  0
ARC
  5
CE
330
17
100
AcDbEntity
  8
0
100
AcDbCircle
 10
3.7545000000000006
 20
22.345000000000002
 30
0.0
 40
0.015000000000000001
100
AcDbArc
 50
90.0
 51
180.0
  0
LINE
  5
CF
330
17
100
AcDbEntity
  8
0
100
AcDbLine
 10
3.7395000000000005
 20
13.595000000000002
 30
0.0
 11
3.7395000000000005
 21
13.025000000000002
 31
0.0
  0
ARC
  5
D0
330
17
100
AcDbEntity
  8
0
100
AcDbCircle
 10
3.7545000000000006
 20
13.025000000000002
 30
0.0
 40
0.015000000000000001
100
AcDbArc
 50
180.0
 51
270.0
  0
LINE
  5
D1
330
17
100
AcDbEntity
  8
0
100
AcDbLine
 10
3.7545000000000006
 20
13.010000000000002
 30
0.0
 11
3.8775000000000004
 21
13.010000000000002
 31
0.0
  0
ARC
  5
D2
330
17
100
AcDbEntity
  8
0
100
AcDbCircle
 10
3.8775000000000004
 20
13.025000000000002
 30
0.0
 40
0.015000000000000001
100
AcDbArc
 50
270.0
 51
0.0
  0
LINE
  5
D3
330
17
100
AcDbEntity
  8
0
100
AcDbLine
 10
3.8925000000000005
 20
13.025000000000002
 30
0.0
 11
3.8925000000000005
 21
13.595000000000002
 31
0.0
  0
ARC
  5
D4
330
17
100
AcDbEntity
  8
0
100
AcDbCircle
 10
3.8775000000000004
 20
13.595000000000002
 30
0.0
 40
0.015000000000000001
100
AcDbArc
 50
0.0
 51
90.0
  0
LINE
  5
D5
330
17
100
AcDbEntity
  8
0
100
AcDbLine
 10
3.8775000000000004
 20
13.610000000000003
 30
0.0
 11
3.7545000000000006
 21
13.610000000000003
 31
0.0
  0
ARC
  5
D6
330
17
100
AcDbEntity
  8
0
100
AcDbCircle
 10
3.7545000000000006
 20
13.595000000000002
 30
0.0
 40
0.015000000000000001
100
AcDbArc
 50
90.0
 51
180.0
  0
LINE
  5
D7
330
17
100
AcDbEntity
  8
0
100
AcDbLine
 10
3.7395000000000005
 20
23.095000000000002
 30
0.0
 11
3.7395000000000005
 21
22.525000000000006
 31
0.0
  0
ARC
  5
D8
330
17
100
AcDbEntity
  8
0
100
AcDbCircle
 10
3.7545000000000006
 20
22.525000000000006
 30
0.0
 40
0.015000000000000001
100
AcDbArc
 50
180.0
 51
270.0
  0
LINE
  5
D9
330
17
100
AcDbEntity
  8
0
100
AcDbLine
 10
3.7545000000000006
 20
22.510000000000005
 30
0.0
 11
3.8775000000000004
 21
22.510000000000005
 31
0.0
  0
ARC
  5
DA
330
17
100
AcDbEntity
  8
0
100
AcDbCircle
 10
3.8775000000000004
 20
22.525000000000006
 30
0.0
 40
0.015000000000000001
100
AcDbArc
 50
270.0
 51
0.0
  0
LINE
  5
DB
330
17
100
AcDbEntity
  8
0
100
AcDbLine
 10
3.8925000000000005
 20
22.525000000000006
 30
0.0
 11
3.8925000000000005
 21
23.095000000000002
 31
0.0
  0
ARC
  5
DC
330
17
100
AcDbEntity
  8
0
100
AcDbCircle
 10
3.8775000000000004
 20
23.095000000000002
 30
0.0
 40
0.015000000000000001
100
AcDbArc
 50
0.0
 51
90.0
  0
LINE
  5
DD
330
17
100
AcDbEntity
  8
0
100
AcDbLine
 10
3.8775000000000004
 20
23.110000000000003
 30
0.0
 11
3.7545000000000006
 21
23.110000000000003
 31
0.0
  0
ARC
  5
DE
330
17
100
AcDbEntity
  8
0
100
AcDbCircle
 10
3.7545000000000006
 20
23.095000000000002
 30
0.0
 40
0.015000000000000001
100
AcDbArc
 50
90.0
 51
180.0
  0
LINE
  5
DF
330
17
100
AcDbEntity
  8
0
100
AcDbLine
 10
0.803
 20
23.437500000000007
 30
0.0
 11
0.803
 21
23.314500000000006
 31
0.0
  0
ARC
  5
E0
330
17
100
AcDbEntity
  8
0
100
AcDbCircle
 10
0.8180000000000001
 20
23.314500000000006
 30
0.0
 40
0.015000000000000001
100
AcDbArc
 50
180.0
 51
270.0
  0
LINE
  5
E1
330
17
100
AcDbEntity
  8
0
100
AcDbLine
 10
0.8180000000000001
 20
23.299500000000005
 30
0.0
 11
1.2680000000000002
 21
23.299500000000005
 31
0.0
  0
ARC
  5
E2
330
17
100
AcDbEntity
  8
0
100
AcDbCircle
 10
1.2680000000000002
 20
23.314500000000006
 30
0.0
 40
0.015000000000000001
100
AcDbArc
 50
270.0
 51
0.0
  0
LINE
  5
E3
330
17
100
AcDbEntity
  8
0
100
AcDbLine
 10
1.2830000000000001
 20
23.314500000000006
 30
0.0
 11
1.2830000000000001
 21
23.437500000000007
 31
0.0
  0
ARC
  5
E4
330
17
100
AcDbEntity
  8
0
100
AcDbCircle
 10
1.2680000000000002
 20
23.437500000000007
 30
0.0
 40
0.015000000000000001
100
AcDbArc
 50
0.0
 51
90.0
  0
LINE
  5
E5
330
17
100
AcDbEntity
  8
0
100
AcDbLine
 10
1.2680000000000002
 20
23.452500000000008
 30
0.0
 11
0.8180000000000001
 21
23.452500000000008
 31
0.0
  0
ARC
  5
E6
330
17
100
AcDbEntity
  8
0
100
AcDbCircle
 10
0.8180000000000001
 20
23.437500000000007
 30
0.0
 40
0.015000000000000001
100
AcDbArc
 50
90.0
 51
180.0
  0
LINE
  5
E7
330
17
100
AcDbEntity
  8
0
100
AcDbLine
 10
2.2030000000000003
 20
23.437500000000007
 30
0.0
 11
2.2030000000000003
 21
23.314500000000006
 31
0.0
  0
ARC
  5
E8
330
17
100
AcDbEntity
  8
0
100
AcDbCircle
 10
2.2180000000000004
 20
23.314500000000006
 30
0.0
 40
0.015000000000000001
100
AcDbArc
 50
180.0
 51
270.0
  0
LINE
  5
E9
330
17
100
AcDbEntity
  8
0
100
AcDbLine
 10
2.2180000000000004
 20
23.299500000000005
 30
0.0
 11
2.668
 21
23.299500000000005
 31
0.0
  0
ARC
  5
EA
330
17
100
AcDbEntity
  8
0
100
AcDbCircle
 10
2.668
 20
23.314500000000006
 30
0.0
 40
0.015000000000000001
100
AcDbArc
 50
270.0
 51
0.0
  0
LINE
  5
EB
330
17
100
AcDbEntity
  8
0
100
AcDbLine
 10
2.6830000000000003
 20
23.314500000000006
 30
0.0
 11
2.6830000000000003
 21
23.437500000000007
 31
0.0
  0
ARC
  5
EC
330
17
100
AcDbEntity
  8
0
100
AcDbCircle
 10
2.668
 20
23.437500000000007
 30
0.0
 40
0.015000000000000001
100
AcDbArc
 50
0.0
 51
90.0
  0
LINE
  5
ED
330
17
100
AcDbEntity
  8
0
100
AcDbLine
 10
2.668
 20
23.452500000000008
 30
0.0
 11
2.2180000000000004
 21
23.452500000000008
 31
0.0
  0
ARC
  5
EE
330
17
100
AcDbEntity
  8
0
100
AcDbCircle
 10
2.2180000000000004
 20
23.437500000000007
 30
0.0
 40
0.015000000000000001
100
AcDbArc
 50
90.0
 51
180.0
  0
LINE
  5
EF
330
17
100
AcDbEntity
  8
0
100
AcDbLine
 10
1.5530000000000002
 20
23.437500000000007
 30
0.0
 11
1.5530000000000002
 21
23.314500000000006
 31
0.0
  0
ARC
  5
F0
330
17
100
AcDbEntity
  8
0
100
AcDbCircle
 10
1.568
 20
23.314500000000006
 30
0.0
 40
0.015000000000000001
100
AcDbArc
 50
180.0
 51
270.0
  0
LINE
  5
F1
330
17
100
AcDbEntity
  8
0
100
AcDbLine
 10
1.568
 20
23.299500000000005
 30
0.0
 11
2.0180000000000002
 21
23.299500000000005
 31
0.0
  0
ARC
  5
F2
330
17
100
AcDbEntity
  8
0
100
AcDbCircle
 10
2.0180000000000002
 20
23.314500000000006
 30
0.0
 40
0.015000000000000001
100
AcDbArc
 50
270.0
 51
0.0
  0
LINE
  5
F3
330
17
100
AcDbEntity
  8
0
100
AcDbLine
 10
2.0330000000000004
 20
23.314500000000006
 30
0.0
 11
2.0330000000000004
 21
23.437500000000007
 31
0.0
  0
ARC
  5
F4
330
17
100
AcDbEntity
  8
0
100
AcDbCircle
 10
2.0180000000000002
 20
23.437500000000007
 30
0.0
 40
0.015000000000000001
100
AcDbArc
 50
0.0
 51
90.0
  0
LINE
  5
F5
330
17
100
AcDbEntity
  8
0
100
AcDbLine
 10
2.0180000000000002
 20
23.452500000000008
 30
0.0
 11
1.568
 21
23.452500000000008
 31
0.0
  0
ARC
  5
F6
330
17
100
AcDbEntity
  8
0
100
AcDbCircle
 10
1.568
 20
23.437500000000007
 30
0.0
 40
0.015000000000000001
100
AcDbArc
 50
90.0
 51
180.0
  0
LINE
  5
F7
330
17
100
AcDbEntity
  8
0
100
AcDbLine
 10
2.953
 20
23.437500000000007
 30
0.0
 11
2.953
 21
23.314500000000006
 31
0.0
  0
ARC
  5
F8
330
17
100
AcDbEntity
  8
0
100
AcDbCircle
 10
2.968
 20
23.314500000000006
 30
0.0
 40
0.015000000000000001
100
AcDbArc
 50
180.0
 51
270.0
  0
LINE
  5
F9
330
17
100
AcDbEntity
  8
0
100
AcDbLine
 10
2.968
 20
23.299500000000005
 30
0.0
 11
3.4179999999999997
 21
23.299500000000005
 31
0.0
  0
ARC
  5
FA
330
17
100
AcDbEntity
  8
0
100
AcDbCircle
 10
3.4179999999999997
 20
23.314500000000006
 30
0.0
 40
0.015000000000000001
100
AcDbArc
 50
270.0
 51
0.0
  0
LINE
  5
FB
330
17
100
AcDbEntity
  8
0
100
AcDbLine
 10
3.433
 20
23.314500000000006
 30
0.0
 11
3.433
 21
23.437500000000007
 31
0.0
  0
ARC
  5
FC
330
17
100
AcDbEntity
  8
0
100
AcDbCircle
 10
3.4179999999999997
 20
23.437500000000007
 30
0.0
 40
0.015000000000000001
100
AcDbArc
 50
0.0
 51
90.0
  0
LINE
  5
FD
330
17
100
AcDbEntity
  8
0
100
AcDbLine
 10
3.4179999999999997
 20
23.452500000000008
 30
0.0
 11
2.968
 21
23.452500000000008
 31
0.0
  0
ARC
  5
FE
330
17
100
AcDbEntity
  8
0
100
AcDbCircle
 10
2.968
 20
23.437500000000007
 30
0.0
 40
0.015000000000000001
100
AcDbArc
 50
90.0
 51
180.0
  0
LINE
  5
FF
330
17
100
AcDbEntity
  8
0
100
AcDbLine
 10
4.0600000000000005
 20
11.860000000000001
 30
0.0
 11
4.0600000000000005
 21
0.265
 31
0.0
  0
ARC
  5
100
330
17
100
AcDbEntity
  8
0
100
AcDbCircle
 10
4.075
 20
0.265
 30
0.0
 40
0.015000000000000001
100
AcDbArc
 50
180.0
 51
270.0
  0
LINE
  5
101
330
17
100
AcDbEntity
  8
0
100
AcDbLine
 10
4.075
 20
0.25
 30
0.0
 11
7.795000000000001
 21
0.25
 31
0.0
  0
ARC
  5
102
330
17
100
AcDbEntity
  8
0
100
AcDbCircle
 10
7.795000000000001
 20
0.265
 30
0.0
 40
0.015000000000000001
100
AcDbArc
 50
270.0
 51
0.0
  0
LINE
  5
103
330
17
100
AcDbEntity
  8
0
100
AcDbLine
 10
7.8100000000000005
 20
0.265
 30
0.0
 11
7.8100000000000005
 21
11.860000000000001
 31
0.0
  0
ARC
  5
104
330
17
100
AcDbEntity
  8
0
100
AcDbCircle
 10
7.795000000000001
 20
11.860000000000001
 30
0.0
 40
0.015000000000000001
100
AcDbArc
 50
0.0
 51
90.0
  0
LINE
  5
105
330
17
100
AcDbEntity
  8
0
100
AcDbLine
 10
7.795000000000001
 20
11.875000000000002
 30
0.0
 11
4.075
 21
11.875000000000002
 31
0.0
  0
ARC
  5
106
330
17
100
AcDbEntity
  8
0
100
AcDbCircle
 10
4.075
 20
11.860000000000001
 30
0.0
 40
0.015000000000000001
100
AcDbArc
 50
90.0
 51
180.0
  0
LINE
  5
107
330
17
100
AcDbEntity
  8
0
100
AcDbLine
 10
4.1675
 20
1.1600000000000001
 30
0.0
 11
4.1675
 21
0.59
 31
0.0
  0
ARC
  5
108
330
17
100
AcDbEntity
  8
0
100
AcDbCircle
 10
4.1825
 20
0.59
 30
0.0
 40
0.015000000000000001
100
AcDbArc
 50
180.0
 51
270.0
  0
LINE
  5
109
330
17
100
AcDbEntity
  8
0
100
AcDbLine
 10
4.1825
 20
0.575
 30
0.0
 11
4.305500000000001
 21
0.575
 31
0.0
  0
ARC
  5
10A
330
17
100
AcDbEntity
  8
0
100
AcDbCircle
 10
4.305500000000001
 20
0.59
 30
0.0
 40
0.015000000000000001
100
AcDbArc
 50
270.0
 51
0.0
  0
LINE
  5
10B
330
17
100
AcDbEntity
  8
0
100
AcDbLine
 10
4.320500000000001
 20
0.59
 30
0.0
 11
4.320500000000001
 21
1.1600000000000001
 31
0.0
  0
ARC
  5
10C
330
17
100
AcDbEntity
  8
0
100
AcDbCircle
 10
4.305500000000001
 20
1.1600000000000001
 30
0.0
 40
0.015000000000000001
100
AcDbArc
 50
0.0
 51
90.0
  0
LINE
  5
10D
330
17
100
AcDbEntity
  8
0
100
AcDbLine
 10
4.305500000000001
 20
1.175
 30
0.0
 11
4.1825
 21
1.175
 31
0.0
  0
ARC
  5
10E
330
17
100
AcDbEntity
  8
0
100
AcDbCircle
 10
4.1825
 20
1.1600000000000001
 30
0.0
 40
0.015000000000000001
100
AcDbArc
 50
90.0
 51
180.0
  0
LINE
  5
10F
330
17
100
AcDbEntity
  8
0
100
AcDbLine
 10
4.1675
 20
10.66
 30
0.0
 11
4.1675
 21
10.090000000000002
 31
0.0
  0
ARC
  5
110
330
17
100
AcDbEntity
  8
0
100
AcDbCircle
 10
4.1825
 20
10.090000000000002
 30
0.0
 40
0.015000000000000001
100
AcDbArc
 50
180.0
 51
270.0
  0
LINE
  5
111
330
17
100
AcDbEntity
  8
0
100
AcDbLine
 10
4.1825
 20
10.075000000000001
 30
0.0
 11
4.305500000000001
 21
10.075000000000001
 31
0.0
  0
ARC
  5
112
330
17
100
AcDbEntity
  8
0
100
AcDbCircle
 10
4.305500000000001
 20
10.090000000000002
 30
0.0
 40
0.015000000000000001
100
AcDbArc
 50
270.0
 51
0.0
  0
LINE
  5
113
330
17
100
AcDbEntity
  8
0
100
AcDbLine
 10
4.320500000000001
 20
10.090000000000002
 30
0.0
 11
4.320500000000001
 21
10.66
 31
0.0
  0
ARC
  5
114
330
17
100
AcDbEntity
  8
0
100
AcDbCircle
 10
4.305500000000001
 20
10.66
 30
0.0
 40
0.015000000000000001
100
AcDbArc
 50
0.0
 51
90.0
  0
LINE
  5
115
330
17
100
AcDbEntity
  8
0
100
AcDbLine
 10
4.305500000000001
 20
10.675
 30
0.0
 11
4.1825
 21
10.675
 31
0.0
  0
ARC
  5
116
330
17
100
AcDbEntity
  8
0
100
AcDbCircle
 10
4.1825
 20
10.66
 30
0.0
 40
0.015000000000000001
100
AcDbArc
 50
90.0
 51
180.0
  0
LINE
  5
117
330
17
100
AcDbEntity
  8
0
100
AcDbLine
 10
4.1675
 20
1.91
 30
0.0
 11
4.1675
 21
1.3399999999999999
 31
0.0
  0
ARC
  5
118
330
17
100
AcDbEntity
  8
0
100
AcDbCircle
 10
4.1825
 20
1.3399999999999999
 30
0.0
 40
0.015000000000000001
100
AcDbArc
 50
180.0
 51
270.0
  0
LINE
  5
119
330
17
100
AcDbEntity
  8
0
100
AcDbLine
 10
4.1825
 20
1.325
 30
0.0
 11
4.305500000000001
 21
1.325
 31
0.0
  0
ARC
  5
11A
330
17
100
AcDbEntity
  8
0
100
AcDbCircle
 10
4.305500000000001
 20
1.3399999999999999
 30
0.0
 40
0.015000000000000001
100
AcDbArc
 50
270.0
 51
0.0
  0
LINE
  5
11B
330
17
100
AcDbEntity
  8
0
100
AcDbLine
 10
4.320500000000001
 20
1.3399999999999999
 30
0.0
 11
4.320500000000001
 21
1.91
 31
0.0
  0
ARC
  5
11C
330
17
100
AcDbEntity
  8
0
100
AcDbCircle
 10
4.305500000000001
 20
1.91
 30
0.0
 40
0.015000000000000001
100
AcDbArc
 50
0.0
 51
90.0
  0
LINE
  5
11D
330
17
100
AcDbEntity
  8
0
100
AcDbLine
 10
4.305500000000001
 20
1.9249999999999998
 30
0.0
 11
4.1825
 21
1.9249999999999998
 31
0.0
  0
ARC
  5
11E
330
17
100
AcDbEntity
  8
0
100
AcDbCircle
 10
4.1825
 20
1.91
 30
0.0
 40
0.015000000000000001
100
AcDbArc
 50
90.0
 51
180.0
  0
LINE
  5
11F
330
17
100
AcDbEntity
  8
0
100
AcDbLine
 10
4.1675
 20
11.41
 30
0.0
 11
4.1675
 21
10.840000000000002
 31
0.0
  0
ARC
  5
120
330
17
100
AcDbEntity
  8
0
100
AcDbCircle
 10
4.1825
 20
10.840000000000002
 30
0.0
 40
0.015000000000000001
100
AcDbArc
 50
180.0
 51
270.0
  0
LINE
  5
121
330
17
100
AcDbEntity
  8
0
100
AcDbLine
 10
4.1825
 20
10.825000000000001
 30
0.0
 11
4.305500000000001
 21
10.825000000000001
 31
0.0
  0
ARC
  5
122
330
17
100
AcDbEntity
  8
0
100
AcDbCircle
 10
4.305500000000001
 20
10.840000000000002
 30
0.0
 40
0.015000000000000001
100
AcDbArc
 50
270.0
 51
0.0
  0
LINE
  5
123
330
17
100
AcDbEntity
  8
0
100
AcDbLine
 10
4.320500000000001
 20
10.840000000000002
 30
0.0
 11
4.320500000000001
 21
11.41
 31
0.0
  0
ARC
  5
124
330
17
100
AcDbEntity
  8
0
100
AcDbCircle
 10
4.305500000000001
 20
11.41
 30
0.0
 40
0.015000000000000001
100
AcDbArc
 50
0.0
 51
90.0
  0
LINE
  5
125
330
17
100
AcDbEntity
  8
0
100
AcDbLine
 10
4.305500000000001
 20
11.425
 30
0.0
 11
4.1825
 21
11.425
 31
0.0
  0
ARC
  5
126
330
17
100
AcDbEntity
  8
0
100
AcDbCircle
 10
4.1825
 20
11.41
 30
0.0
 40
0.015000000000000001
100
AcDbArc
 50
90.0
 51
180.0
  0
LINE
  5
127
330
17
100
AcDbEntity
  8
0
100
AcDbLine
 10
7.549500000000001
 20
1.1600000000000001
 30
0.0
 11
7.549500000000001
 21
0.59
 31
0.0
  0
ARC
  5
128
330
17
100
AcDbEntity
  8
0
100
AcDbCircle
 10
7.564500000000001
 20
0.59
 30
0.0
 40
0.015000000000000001
100
AcDbArc
 50
180.0
 51
270.0
  0
LINE
  5
129
330
17
100
AcDbEntity
  8
0
100
AcDbLine
 10
7.564500000000001
 20
0.575
 30
0.0
 11
7.687500000000001
 21
0.575
 31
0.0
  0
ARC
  5
12A
330
17
100
AcDbEntity
  8
0
100
AcDbCircle
 10
7.687500000000001
 20
0.59
 30
0.0
 40
0.015000000000000001
100
AcDbArc
 50
270.0
 51
0.0
  0
LINE
  5
12B
330
17
100
AcDbEntity
  8
0
100
AcDbLine
 10
7.702500000000001
 20
0.59
 30
0.0
 11
7.702500000000001
 21
1.1600000000000001
 31
0.0
  0
ARC
  5
12C
330
17
100
AcDbEntity
  8
0
100
AcDbCircle
 10
7.687500000000001
 20
1.1600000000000001
 30
0.0
 40
0.015000000000000001
100
AcDbArc
 50
0.0
 51
90.0
  0
LINE
  5
12D
330
17
100
AcDbEntity
  8
0
100
AcDbLine
 10
7.687500000000001
 20
1.175
 30
0.0
 11
7.564500000000001
 21
1.175
 31
0.0
  0
ARC
  5
12E
330
17
100
AcDbEntity
  8
0
100
AcDbCircle
 10
7.564500000000001
 20
1.1600000000000001
 30
0.0
 40
0.015000000000000001
100
AcDbArc
 50
90.0
 51
180.0
  0
LINE
  5
12F
330
17
100
AcDbEntity
  8
0
100
AcDbLine
 10
7.549500000000001
 20
10.66
 30
0.0
 11
7.549500000000001
 21
10.090000000000002
 31
0.0
  0
ARC
  5
130
330
17
100
AcDbEntity
  8
0
100
AcDbCircle
 10
7.564500000000001
 20
10.090000000000002
 30
0.0
 40
0.015000000000000001
100
AcDbArc
 50
180.0
 51
270.0
  0
LINE
  5
131
330
17
100
AcDbEntity
  8
0
100
AcDbLine
 10
7.564500000000001
 20
10.075000000000001
 30
0.0
 11
7.687500000000001
 21
10.075000000000001
 31
0.0
  0
ARC
  5
132
330
17
100
AcDbEntity
  8
0
100
AcDbCircle
 10
7.687500000000001
 20
10.090000000000002
 30
0.0
 40
0.015000000000000001
100
AcDbArc
 50
270.0
 51
0.0
  0
LINE
  5
133
330
17
100
AcDbEntity
  8
0
100
AcDbLine
 10
7.702500000000001
 20
10.090000000000002
 30
0.0
 11
7.702500000000001
 21
10.66
 31
0.0
  0
ARC
  5
134
330
17
100
AcDbEntity
  8
0
100
AcDbCircle
 10
7.687500000000001
 20
10.66
 30
0.0
 40
0.015000000000000001
100
AcDbArc
 50
0.0
 51
90.0
  0
LINE
  5
135
330
17
100
AcDbEntity
  8
0
100
AcDbLine
 10
7.687500000000001
 20
10.675
 30
0.0
 11
7.564500000000001
 21
10.675
 31
0.0
  0
ARC
  5
136
330
17
100
AcDbEntity
  8
0
100
AcDbCircle
 10
7.564500000000001
 20
10.66
 30
0.0
 40
0.015000000000000001
100
AcDbArc
 50
90.0
 51
180.0
  0
LINE
  5
137
330
17
100
AcDbEntity
  8
0
100
AcDbLine
 10
7.549500000000001
 20
1.91
 30
0.0
 11
7.549500000000001
 21
1.3399999999999999
 31
0.0
  0
ARC
  5
138
330
17
100
AcDbEntity
  8
0
100
AcDbCircle
 10
7.564500000000001
 20
1.3399999999999999
 30
0.0
 40
0.015000000000000001
100
AcDbArc
 50
180.0
 51
270.0
  0
LINE
  5
139
330
17
100
AcDbEntity
  8
0
100
AcDbLine
 10
7.564500000000001
 20
1.325
 30
0.0
 11
7.687500000000001
 21
1.325
 31
0.0
  0
ARC
  5
13A
330
17
100
AcDbEntity
  8
0
100
AcDbCircle
 10
7.687500000000001
 20
1.3399999999999999
 30
0.0
 40
0.015000000000000001
100
AcDbArc
 50
270.0
 51
0.0
  0
LINE
  5
13B
330
17
100
AcDbEntity
  8
0
100
AcDbLine
 10
7.702500000000001
 20
1.3399999999999999
 30
0.0
 11
7.702500000000001
 21
1.91
 31
0.0
  0
ARC
  5
13C
330
17
100
AcDbEntity
  8
0
100
AcDbCircle
 10
7.687500000000001
 20
1.91
 30
0.0
 40
0.015000000000000001
100
AcDbArc
 50
0.0
 51
90.0
  0
LINE
  5
13D
330
17
100
AcDbEntity
  8
0
100
AcDbLine
 10
7.687500000000001
 20
1.9249999999999998
 30
0.0
 11
7.564500000000001
 21
1.9249999999999998
 31
0.0
  0
ARC
  5
13E
330
17
100
AcDbEntity
  8
0
100
AcDbCircle
 10
7.564500000000001
 20
1.91
 30
0.0
 40
0.015000000000000001
100
AcDbArc
 50
90.0
 51
180.0
  0
LINE
  5
13F
330
17
100
AcDbEntity
  8
0
100
AcDbLine
 10
7.549500000000001
 20
11.41
 30
0.0
 11
7.549500000000001
 21
10.840000000000002
 31
0.0
  0
ARC
  5
140
330
17
100
AcDbEntity
  8
0
100
AcDbCircle
 10
7.564500000000001
 20
10.840000000000002
 30
0.0
 40
0.015000000000000001
100
AcDbArc
 50
180.0
 51
270.0
  0
LINE
  5
141
330
17
100
AcDbEntity
  8
0
100
AcDbLine
 10
7.564500000000001
 20
10.825000000000001
 30
0.0
 11
7.687500000000001
 21
10.825000000000001
 31
0.0
  0
ARC
  5
142
330
17
100
AcDbEntity
  8
0
100
AcDbCircle
 10
7.687500000000001
 20
10.840000000000002
 30
0.0
 40
0.015000000000000001
100
AcDbArc
 50
270.0
 51
0.0
  0
LINE
  5
143
330
17
100
AcDbEntity
  8
0
100
AcDbLine
 10
7.702500000000001
 20
10.840000000000002
 30
0.0
 11
7.702500000000001
 21
11.41
 31
0.0
  0
ARC
  5
144
330
17
100
AcDbEntity
  8
0
100
AcDbCircle
 10
7.687500000000001
 20
11.41
 30
0.0
 40
0.015000000000000001
100
AcDbArc
 50
0.0
 51
90.0
  0
LINE
  5
145
330
17
100
AcDbEntity
  8
0
100
AcDbLine
 10
7.687500000000001
 20
11.425
 30
0.0
 11
7.564500000000001
 21
11.425
 31
0.0
  0
ARC
  5
146
330
17
100
AcDbEntity
  8
0
100
AcDbCircle
 10
7.564500000000001
 20
11.41
 30
0.0
 40
0.015000000000000001
100
AcDbArc
 50
90.0
 51
180.0
  0
LINE
  5
147
330
17
100
AcDbEntity
  8
0
100
AcDbLine
 10
4.613
 20
11.752500000000003
 30
0.0
 11
4.613
 21
11.629500000000004
 31
0.0
  0
ARC
  5
148
330
17
100
AcDbEntity
  8
0
100
AcDbCircle
 10
4.628
 20
11.629500000000004
 30
0.0
 40
0.015000000000000001
100
AcDbArc
 50
180.0
 51
270.0
  0
LINE
  5
149
330
17
100
AcDbEntity
  8
0
100
AcDbLine
 10
4.628
 20
11.614500000000003
 30
0.0
 11
5.078000000000001
 21
11.614500000000003
 31
0.0
  0
ARC
  5
14A
330
17
100
AcDbEntity
  8
0
100
AcDbCircle
 10
5.078000000000001
 20
11.629500000000004
 30
0.0
 40
0.015000000000000001
100
AcDbArc
 50
270.0
 51
0.0
  0
LINE
  5
14B
330
17
100
AcDbEntity
  8
0
100
AcDbLine
 10
5.093000000000001
 20
11.629500000000004
 30
0.0
 11
5.093000000000001
 21
11.752500000000003
 31
0.0
  0
ARC
  5
14C
330
17
100
AcDbEntity
  8
0
100
AcDbCircle
 10
5.078000000000001
 20
11.752500000000003
 30
0.0
 40
0.015000000000000001
100
AcDbArc
 50
0.0
 51
90.0
  0
LINE
  5
14D
330
17
100
AcDbEntity
  8
0
100
AcDbLine
 10
5.078000000000001
 20
11.767500000000004
 30
0.0
 11
4.628
 21
11.767500000000004
 31
0.0
  0
ARC
  5
14E
330
17
100
AcDbEntity
  8
0
100
AcDbCircle
 10
4.628
 20
11.752500000000003
 30
0.0
 40
0.015000000000000001
100
AcDbArc
 50
90.0
 51
180.0
  0
LINE
  5
14F
330
17
100
AcDbEntity
  8
0
100
AcDbLine
 10
6.013000000000001
 20
11.752500000000003
 30
0.0
 11
6.013000000000001
 21
11.629500000000004
 31
0.0
  0
ARC
  5
150
330
17
100
AcDbEntity
  8
0
100
AcDbCircle
 10
6.0280000000000005
 20
11.629500000000004
 30
0.0
 40
0.015000000000000001
100
AcDbArc
 50
180.0
 51
270.0
  0
LINE
  5
151
330
17
100
AcDbEntity
  8
0
100
AcDbLine
 10
6.0280000000000005
 20
11.614500000000003
 30
0.0
 11
6.478000000000001
 21
11.614500000000003
 31
0.0
  0
ARC
  5
152
330
17
100
AcDbEntity
  8
0
100
AcDbCircle
 10
6.478000000000001
 20
11.629500000000004
 30
0.0
 40
0.015000000000000001
100
AcDbArc
 50
270.0
 51
0.0
  0
LINE
  5
153
330
17
100
AcDbEntity
  8
0
100
AcDbLine
 10
6.493
 20
11.629500000000004
 30
0.0
 11
6.493
 21
11.752500000000003
 31
0.0
  0
ARC
  5
154
330
17
100
AcDbEntity
  8
0
100
AcDbCircle
 10
6.478000000000001
 20
11.752500000000003
 30
0.0
 40
0.015000000000000001
100
AcDbArc
 50
0.0
 51
90.0
  0
LINE
  5
155
330
17
100
AcDbEntity
  8
0
100
AcDbLine
 10
6.478000000000001
 20
11.767500000000004
 30
0.0
 11
6.0280000000000005
 21
11.767500000000004
 31
0.0
  0
ARC
  5
156
330
17
100
AcDbEntity
  8
0
100
AcDbCircle
 10
6.0280000000000005
 20
11.752500000000003
 30
0.0
 40
0.015000000000000001
100
AcDbArc
 50
90.0
 51
180.0
  0
LINE
  5
157
330
17
100
AcDbEntity
  8
0
100
AcDbLine
 10
5.363
 20
11.752500000000003
 30
0.0
 11
5.363
 21
11.629500000000004
 31
0.0
  0
ARC
  5
158
330
17
100
AcDbEntity
  8
0
100
AcDbCircle
 10
5.378
 20
11.629500000000004
 30
0.0
 40
0.015000000000000001
100
AcDbArc
 50
180.0
 51
270.0
  0
LINE
  5
159
330
17
100
AcDbEntity
  8
0
100
AcDbLine
 10
5.378
 20
11.614500000000003
 30
0.0
 11
5.828000000000001
 21
11.614500000000003
 31
0.0
  0
ARC
  5
15A
330
17
100
AcDbEntity
  8
0
100
AcDbCircle
 10
5.828000000000001
 20
11.629500000000004
 30
0.0
 40
0.015000000000000001
100
AcDbArc
 50
270.0
 51
0.0
  0
LINE
  5
15B
330
17
100
AcDbEntity
  8
0
100
AcDbLine
 10
5.843000000000001
 20
11.629500000000004
 30
0.0
 11
5.843000000000001
 21
11.752500000000003
 31
0.0
  0
ARC
  5
15C
330
17
100
AcDbEntity
  8
0
100
AcDbCircle
 10
5.828000000000001
 20
11.752500000000003
 30
0.0
 40
0.015000000000000001
100
AcDbArc
 50
0.0
 51
90.0
  0
LINE
  5
15D
330
17
100
AcDbEntity
  8
0
100
AcDbLine
 10
5.828000000000001
 20
11.767500000000004
 30
0.0
 11
5.378
 21
11.767500000000004
 31
0.0
  0
ARC
  5
15E
330
17
100
AcDbEntity
  8
0
100
AcDbCircle
 10
5.378
 20
11.752500000000003
 30
0.0
 40
0.015000000000000001
100
AcDbArc
 50
90.0
 51
180.0
  0
LINE
  5
15F
330
17
100
AcDbEntity
  8
0
100
AcDbLine
 10
6.763
 20
11.752500000000003
 30
0.0
 11
6.763
 21
11.629500000000004
 31
0.0
  0
ARC
  5
160
330
17
100
AcDbEntity
  8
0
100
AcDbCircle
 10
6.778
 20
11.629500000000004
 30
0.0
 40
0.015000000000000001
100
AcDbArc
 50
180.0
 51
270.0
  0
LINE
  5
161
330
17
100
AcDbEntity
  8
0
100
AcDbLine
 10
6.778
 20
11.614500000000003
 30
0.0
 11
7.228000000000001
 21
11.614500000000003
 31
0.0
  0
ARC
  5
162
330
17
100
AcDbEntity
  8
0
100
AcDbCircle
 10
7.228000000000001
 20
11.629500000000004
 30
0.0
 40
0.015000000000000001
100
AcDbArc
 50
270.0
 51
0.0
  0
LINE
  5
163
330
17
100
AcDbEntity
  8
0
100
AcDbLine
 10
7.243
 20
11.629500000000004
 30
0.0
 11
7.243
 21
11.752500000000003
 31
0.0
  0
ARC
  5
164
330
17
100
AcDbEntity
  8
0
100
AcDbCircle
 10
7.228000000000001
 20
11.752500000000003
 30
0.0
 40
0.015000000000000001
100
AcDbArc
 50
0.0
 51
90.0
  0
LINE
  5
165
330
17
100
AcDbEntity
  8
0
100
AcDbLine
 10
7.228000000000001
 20
11.767500000000004
 30
0.0
 11
6.778
 21
11.767500000000004
 31
0.0
  0
ARC
  5
166
330
17
100
AcDbEntity
  8
0
100
AcDbCircle
 10
6.778
 20
11.752500000000003
 30
0.0
 40
0.015000000000000001
100
AcDbArc
 50
90.0
 51
180.0
  0
LINE
  5
167
330
17
100
AcDbEntity
  8
0
100
AcDbLine
 10
4.0600000000000005
 20
23.545
 30
0.0
 11
4.0600000000000005
 21
11.950000000000003
 31
0.0
  0
ARC
  5
168
330
17
100
AcDbEntity
  8
0
100
AcDbCircle
 10
4.075
 20
11.950000000000003
 30
0.0
 40
0.015000000000000001
100
AcDbArc
 50
180.0
 51
270.0
  0
LINE
  5
169
330
17
100
AcDbEntity
  8
0
100
AcDbLine
 10
4.075
 20
11.935000000000002
 30
0.0
 11
7.795000000000001
 21
11.935000000000002
 31
0.0
  0
ARC
  5
16A
330
17
100
AcDbEntity
  8
0
100
AcDbCircle
 10
7.795000000000001
 20
11.950000000000003
 30
0.0
 40
0.015000000000000001
100
AcDbArc
 50
270.0
 51
0.0
  0
LINE
  5
16B
330
17
100
AcDbEntity
  8
0
100
AcDbLine
 10
7.8100000000000005
 20
11.950000000000003
 30
0.0
 11
7.8100000000000005
 21
23.545
 31
0.0
  0
ARC
  5
16C
330
17
100
AcDbEntity
  8
0
100
AcDbCircle
 10
7.795000000000001
 20
23.545
 30
0.0
 40
0.015000000000000001
100
AcDbArc
 50
0.0
 51
90.0
  0
LINE
  5
16D
330
17
100
AcDbEntity
  8
0
100
AcDbLine
 10
7.795000000000001
 20
23.560000000000002
 30
0.0
 11
4.075
 21
23.560000000000002
 31
0.0
  0
ARC
  5
16E
330
17
100
AcDbEntity
  8
0
100
AcDbCircle
 10
4.075
 20
23.545
 30
0.0
 40
0.015000000000000001
100
AcDbArc
 50
90.0
 51
180.0
  0
LINE
  5
16F
330
17
100
AcDbEntity
  8
0
100
AcDbLine
 10
4.1675
 20
12.845000000000002
 30
0.0
 11
4.1675
 21
12.275000000000002
 31
0.0
  0
ARC
  5
170
330
17
100
AcDbEntity
  8
0
100
AcDbCircle
 10
4.1825
 20
12.275000000000002
 30
0.0
 40
0.015000000000000001
100
AcDbArc
 50
180.0
 51
270.0
  0
LINE
  5
171
330
17
100
AcDbEntity
  8
0
100
AcDbLine
 10
4.1825
 20
12.260000000000002
 30
0.0
 11
4.305500000000001
 21
12.260000000000002
 31
0.0
  0
ARC
  5
172
330
17
100
AcDbEntity
  8
0
100
AcDbCircle
 10
4.305500000000001
 20
12.275000000000002
 30
0.0
 40
0.015000000000000001
100
AcDbArc
 50
270.0
 51
0.0
  0
LINE
  5
173
330
17
100
AcDbEntity
  8
0
100
AcDbLine
 10
4.320500000000001
 20
12.275000000000002
 30
0.0
 11
4.320500000000001
 21
12.845000000000002
 31
0.0
  0
ARC
  5
174
330
17
100
AcDbEntity
  8
0
100
AcDbCircle
 10
4.305500000000001
 20
12.845000000000002
 30
0.0
 40
0.015000000000000001
100
AcDbArc
 50
0.0
 51
90.0
  0
LINE
  5
175
330
17
100
AcDbEntity
  8
0
100
AcDbLine
 10
4.305500000000001
 20
12.860000000000003
 30
0.0
 11
4.1825
 21
12.860000000000003
 31
0.0
  0
ARC
  5
176
330
17
100
AcDbEntity
  8
0
100
AcDbCircle
 10
4.1825
 20
12.845000000000002
 30
0.0
 40
0.015000000000000001
100
AcDbArc
 50
90.0
 51
180.0
  0
LINE
  5
177
330
17
100
AcDbEntity
  8
0
100
AcDbLine
 10
4.1675
 20
22.345000000000002
 30
0.0
 11
4.1675
 21
21.775000000000006
 31
0.0
  0
ARC
  5
178
330
17
100
AcDbEntity
  8
0
100
AcDbCircle
 10
4.1825
 20
21.775000000000006
 30
0.0
 40
0.015000000000000001
100
AcDbArc
 50
180.0
 51
270.0
  0
LINE
  5
179
330
17
100
AcDbEntity
  8
0
100
AcDbLine
 10
4.1825
 20
21.760000000000005
 30
0.0
 11
4.305500000000001
 21
21.760000000000005
 31
0.0
  0
ARC
  5
17A
330
17
100
AcDbEntity
  8
0
100
AcDbCircle
 10
4.305500000000001
 20
21.775000000000006
 30
0.0
 40
0.015000000000000001
100
AcDbArc
 50
270.0
 51
0.0
  0
LINE
  5
17B
330
17
100
AcDbEntity
  8
0
100
AcDbLine
 10
4.320500000000001
 20
21.775000000000006
 30
0.0
 11
4.320500000000001
 21
22.345000000000002
 31
0.0
  0
ARC
  5
17C
330
17
100
AcDbEntity
  8
0
100
AcDbCircle
 10
4.305500000000001
 20
22.345000000000002
 30
0.0
 40
0.015000000000000001
100
AcDbArc
 50
0.0
 51
90.0
  0
LINE
  5
17D
330
17
100
AcDbEntity
  8
0
100
AcDbLine
 10
4.305500000000001
 20
22.360000000000003
 30
0.0
 11
4.1825
 21
22.360000000000003
 31
0.0
  0
ARC
  5
17E
330
17
100
AcDbEntity
  8
0
100
AcDbCircle
 10
4.1825
 20
22.345000000000002
 30
0.0
 40
0.015000000000000001
100
AcDbArc
 50
90.0
 51
180.0
  0
LINE
  5
17F
330
17
100
AcDbEntity
  8
0
100
AcDbLine
 10
4.1675
 20
13.595000000000002
 30
0.0
 11
4.1675
 21
13.025000000000002
 31
0.0
  0
ARC
  5
180
330
17
100
AcDbEntity
  8
0
100
AcDbCircle
 10
4.1825
 20
13.025000000000002
 30
0.0
 40
0.015000000000000001
100
AcDbArc
 50
180.0
 51
270.0
  0
LINE
  5
181
330
17
100
AcDbEntity
  8
0
100
AcDbLine
 10
4.1825
 20
13.010000000000002
 30
0.0
 11
4.305500000000001
 21
13.010000000000002
 31
0.0
  0
ARC
  5
182
330
17
100
AcDbEntity
  8
0
100
AcDbCircle
 10
4.305500000000001
 20
13.025000000000002
 30
0.0
 40
0.015000000000000001
100
AcDbArc
 50
270.0
 51
0.0
  0
LINE
  5
183
330
17
100
AcDbEntity
  8
0
100
AcDbLine
 10
4.320500000000001
 20
13.025000000000002
 30
0.0
 11
4.320500000000001
 21
13.595000000000002
 31
0.0
  0
ARC
  5
184
330
17
100
AcDbEntity
  8
0
100
AcDbCircle
 10
4.305500000000001
 20
13.595000000000002
 30
0.0
 40
0.015000000000000001
100
AcDbArc
 50
0.0
 51
90.0
  0
LINE
  5
185
330
17
100
AcDbEntity
  8
0
100
AcDbLine
 10
4.305500000000001
 20
13.610000000000003
 30
0.0
 11
4.1825
 21
13.610000000000003
 31
0.0
  0
ARC
  5
186
330
17
100
AcDbEntity
  8
0
100
AcDbCircle
 10
4.1825
 20
13.595000000000002
 30
0.0
 40
0.015000000000000001
100
AcDbArc
 50
90.0
 51
180.0
  0
LINE
  5
187
330
17
100
AcDbEntity
  8
0
100
AcDbLine
 10
4.1675
 20
23.095000000000002
 30
0.0
 11
4.1675
 21
22.525000000000006
 31
0.0
  0
ARC
  5
188
330
17
100
AcDbEntity
  8
0
100
AcDbCircle
 10
4.1825
 20
22.525000000000006
 30
0.0
 40
0.015000000000000001
100
AcDbArc
 50
180.0
 51
270.0
  0
LINE
  5
189
330
17
100
AcDbEntity
  8
0
100
AcDbLine
 10
4.1825
 20
22.510000000000005
 30
0.0
 11
4.305500000000001
 21
22.510000000000005
 31
0.0
  0
ARC
  5
18A
330
17
100
AcDbEntity
  8
0
100
AcDbCircle
 10
4.305500000000001
 20
22.525000000000006
 30
0.0
 40
0.015000000000000001
100
AcDbArc
 50
270.0
 51
0.0
  0
LINE
  5
18B
330
17
100
AcDbEntity
  8
0
100
AcDbLine
 10
4.320500000000001
 20
22.525000000000006
 30
0.0
 11
4.320500000000001
 21
23.095000000000002
 31
0.0
  0
ARC
  5
18C
330
17
100
AcDbEntity
  8
0
100
AcDbCircle
 10
4.305500000000001
 20
23.095000000000002
 30
0.0
 40
0.015000000000000001
100
AcDbArc
 50
0.0
 51
90.0
  0
LINE
  5
18D
330
17
100
AcDbEntity
  8
0
100
AcDbLine
 10
4.305500000000001
 20
23.110000000000003
 30
0.0
 11
4.1825
 21
23.110000000000003
 31
0.0
  0
ARC
  5
18E
330
17
100
AcDbEntity
  8
0
100
AcDbCircle
 10
4.1825
 20
23.095000000000002
 30
0.0
 40
0.015000000000000001
100
AcDbArc
 50
90.0
 51
180.0
  0
LINE
  5
18F
330
17
100
AcDbEntity
  8
0
100
AcDbLine
 10
7.549500000000001
 20
12.845000000000002
 30
0.0
 11
7.549500000000001
 21
12.275000000000002
 31
0.0
  0
ARC
  5
190
330
17
100
AcDbEntity
  8
0
100
AcDbCircle
 10
7.564500000000001
 20
12.275000000000002
 30
0.0
 40
0.015000000000000001
100
AcDbArc
 50
180.0
 51
270.0
  0
LINE
  5
191
330
17
100
AcDbEntity
  8
0
100
AcDbLine
 10
7.564500000000001
 20
12.260000000000002
 30
0.0
 11
7.687500000000001
 21
12.260000000000002
 31
0.0
  0
ARC
  5
192
330
17
100
AcDbEntity
  8
0
100
AcDbCircle
 10
7.687500000000001
 20
12.275000000000002
 30
0.0
 40
0.015000000000000001
100
AcDbArc
 50
270.0
 51
0.0
  0
LINE
  5
193
330
17
100
AcDbEntity
  8
0
100
AcDbLine
 10
7.702500000000001
 20
12.275000000000002
 30
0.0
 11
7.702500000000001
 21
12.845000000000002
 31
0.0
  0
ARC
  5
194
330
17
100
AcDbEntity
  8
0
100
AcDbCircle
 10
7.687500000000001
 20
12.845000000000002
 30
0.0
 40
0.015000000000000001
100
AcDbArc
 50
0.0
 51
90.0
  0
LINE
  5
195
330
17
100
AcDbEntity
  8
0
100
AcDbLine
 10
7.687500000000001
 20
12.860000000000003
 30
0.0
 11
7.564500000000001
 21
12.860000000000003
 31
0.0
  0
ARC
  5
196
330
17
100
AcDbEntity
  8
0
100
AcDbCircle
 10
7.564500000000001
 20
12.845000000000002
 30
0.0
 40
0.015000000000000001
100
AcDbArc
 50
90.0
 51
180.0
  0
LINE
  5
197
330
17
100
AcDbEntity
  8
0
100
AcDbLine
 10
7.549500000000001
 20
22.345000000000002
 30
0.0
 11
7.549500000000001
 21
21.775000000000006
 31
0.0
  0
ARC
  5
198
330
17
100
AcDbEntity
  8
0
100
AcDbCircle
 10
7.564500000000001
 20
21.775000000000006
 30
0.0
 40
0.015000000000000001
100
AcDbArc
 50
180.0
 51
270.0
  0
LINE
  5
199
330
17
100
AcDbEntity
  8
0
100
AcDbLine
 10
7.564500000000001
 20
21.760000000000005
 30
0.0
 11
7.687500000000001
 21
21.760000000000005
 31
0.0
  0
ARC
  5
19A
330
17
100
AcDbEntity
  8
0
100
AcDbCircle
 10
7.687500000000001
 20
21.775000000000006
 30
0.0
 40
0.015000000000000001
100
AcDbArc
 50
270.0
 51
0.0
  0
LINE
  5
19B
330
17
100
AcDbEntity
  8
0
100
AcDbLine
 10
7.702500000000001
 20
21.775000000000006
 30
0.0
 11
7.702500000000001
 21
22.345000000000002
 31
0.0
  0
ARC
  5
19C
330
17
100
AcDbEntity
  8
0
100
AcDbCircle
 10
7.687500000000001
 20
22.345000000000002
 30
0.0
 40
0.015000000000000001
100
AcDbArc
 50
0.0
 51
90.0
  0
LINE
  5
19D
330
17
100
AcDbEntity
  8
0
100
AcDbLine
 10
7.687500000000001
 20
22.360000000000003
 30
0.0
 11
7.564500000000001
 21
22.360000000000003
 31
0.0
  0
ARC
  5
19E
330
17
100
AcDbEntity
  8
0
100
AcDbCircle
 10
7.564500000000001
 20
22.345000000000002
 30
0.0
 40
0.015000000000000001
100
AcDbArc
 50
90.0
 51
180.0
  0
LINE
  5
19F
330
17
100
AcDbEntity
  8
0
100
AcDbLine
 10
7.549500000000001
 20
13.595000000000002
 30
0.0
 11
7.549500000000001
 21
13.025000000000002
 31
0.0
  0
ARC
  5
1A0
330
17
100
AcDbEntity
  8
0
100
AcDbCircle
 10
7.564500000000001
 20
13.025000000000002
 30
0.0
 40
0.015000000000000001
100
AcDbArc
 50
180.0
 51
270.0
  0
LINE
  5
1A1
330
17
100
AcDbEntity
  8
0
100
AcDbLine
 10
7.564500000000001
 20
13.010000000000002
 30
0.0
 11
7.687500000000001
 21
13.010000000000002
 31
0.0
  0
ARC
  5
1A2
330
17
100
AcDbEntity
  8
0
100
AcDbCircle
 10
7.687500000000001
 20
13.025000000000002
 30
0.0
 40
0.015000000000000001
100
AcDbArc
 50
270.0
 51
0.0
  0
LINE
  5
1A3
330
17
100
AcDbEntity
  8
0
100
AcDbLine
 10
7.702500000000001
 20
13.025000000000002
 30
0.0
 11
7.702500000000001
 21
13.595000000000002
 31
0.0
  0
ARC
  5
1A4
330
17
100
AcDbEntity
  8
0
100
AcDbCircle
 10
7.687500000000001
 20
13.595000000000002
 30
0.0
 40
0.015000000000000001
100
AcDbArc
 50
0.0
 51
90.0
  0
LINE
  5
1A5
330
17
100
AcDbEntity
  8
0
100
AcDbLine
 10
7.687500000000001
 20
13.610000000000003
 30
0.0
 11
7.564500000000001
 21
13.610000000000003
 31
0.0
  0
ARC
  5
1A6
330
17
100
AcDbEntity
  8
0
100
AcDbCircle
 10
7.564500000000001
 20
13.595000000000002
 30
0.0
 40
0.015000000000000001
100
AcDbArc
 50
90.0
 51
180.0
  0
LINE
  5
1A7
330
17
100
AcDbEntity
  8
0
100
AcDbLine
 10
7.549500000000001
 20
23.095000000000002
 30
0.0
 11
7.549500000000001
 21
22.525000000000006
 31
0.0
  0
ARC
  5
1A8
330
17
100
AcDbEntity
  8
0
100
AcDbCircle
 10
7.564500000000001
 20
22.525000000000006
 30
0.0
 40
0.015000000000000001
100
AcDbArc
 50
180.0
 51
270.0
  0
LINE
  5
1A9
330
17
100
AcDbEntity
  8
0
100
AcDbLine
 10
7.564500000000001
 20
22.510000000000005
 30
0.0
 11
7.687500000000001
 21
22.510000000000005
 31
0.0
  0
ARC
  5
1AA
330
17
100
AcDbEntity
  8
0
100
AcDbCircle
 10
7.687500000000001
 20
22.525000000000006
 30
0.0
 40
0.015000000000000001
100
AcDbArc
 50
270.0
 51
0.0
  0
LINE
  5
1AB
330
17
100
AcDbEntity
  8
0
100
AcDbLine
 10
7.702500000000001
 20
22.525000000000006
 30
0.0
 11
7.702500000000001
 21
23.095000000000002
 31
0.0
  0
ARC
  5
1AC
330
17
100
AcDbEntity
  8
0
100
AcDbCircle
 10
7.687500000000001
 20
23.095000000000002
 30
0.0
 40
0.015000000000000001
100
AcDbArc
 50
0.0
 51
90.0
  0
LINE
  5
1AD
330
17
100
AcDbEntity
  8
0
100
AcDbLine
 10
7.687500000000001
 20
23.110000000000003
 30
0.0
 11
7.564500000000001
 21
23.110000000000003
 31
0.0
  0
ARC
  5
1AE
330
17
100
AcDbEntity
  8
0
100
AcDbCircle
 10
7.564500000000001
 20
23.095000000000002
 30
0.0
 40
0.015000000000000001
100
AcDbArc
 50
90.0
 51
180.0
  0
LINE
  5
1AF
330
17
100
AcDbEntity
  8
0
100
AcDbLine
 10
4.613
 20
23.437500000000007
 30
0.0
 11
4.613
 21
23.314500000000006
 31
0.0
  0
ARC
  5
1B0
330
17
100
AcDbEntity
  8
0
100
AcDbCircle
 10
4.628
 20
23.314500000000006
 30
0.0
 40
0.015000000000000001
100
AcDbArc
 50
180.0
 51
270.0
  0
LINE
  5
1B1
330
17
100
AcDbEntity
  8
0
100
AcDbLine
 10
4.628
 20
23.299500000000005
 30
0.0
 11
5.078000000000001
 21
23.299500000000005
 31
0.0
  0
ARC
  5
1B2
330
17
100
AcDbEntity
  8
0
100
AcDbCircle
 10
5.078000000000001
 20
23.314500000000006
 30
0.0
 40
0.015000000000000001
100
AcDbArc
 50
270.0
 51
0.0
  0
LINE
  5
1B3
330
17
100
AcDbEntity
  8
0
100
AcDbLine
 10
5.093000000000001
 20
23.314500000000006
 30
0.0
 11
5.093000000000001
 21
23.437500000000007
 31
0.0
  0
ARC
  5
1B4
330
17
100
AcDbEntity
  8
0
100
AcDbCircle
 10
5.078000000000001
 20
23.437500000000007
 30
0.0
 40
0.015000000000000001
100
AcDbArc
 50
0.0
 51
90.0
  0
LINE
  5
1B5
330
17
100
AcDbEntity
  8
0
100
AcDbLine
 10
5.078000000000001
 20
23.452500000000008
 30
0.0
 11
4.628
 21
23.452500000000008
 31
0.0
  0
ARC
  5
1B6
330
17
100
AcDbEntity
  8
0
100
AcDbCircle
 10
4.628
 20
23.437500000000007
 30
0.0
 40
0.015000000000000001
100
AcDbArc
 50
90.0
 51
180.0
  0
LINE
  5
1B7
330
17
100
AcDbEntity
  8
0
100
AcDbLine
 10
6.013000000000001
 20
23.437500000000007
 30
0.0
 11
6.013000000000001
 21
23.314500000000006
 31
0.0
  0
ARC
  5
1B8
330
17
100
AcDbEntity
  8
0
100
AcDbCircle
 10
6.0280000000000005
 20
23.314500000000006
 30
0.0
 40
0.015000000000000001
100
AcDbArc
 50
180.0
 51
270.0
  0
LINE
  5
1B9
330
17
100
AcDbEntity
  8
0
100
AcDbLine
 10
6.0280000000000005
 20
23.299500000000005
 30
0.0
 11
6.478000000000001
 21
23.299500000000005
 31
0.0
  0
ARC
  5
1BA
330
17
100
AcDbEntity
  8
0
100
AcDbCircle
 10
6.478000000000001
 20
23.314500000000006
 30
0.0
 40
0.015000000000000001
100
AcDbArc
 50
270.0
 51
0.0
  0
LINE
  5
1BB
330
17
100
AcDbEntity
  8
0
100
AcDbLine
 10
6.493
 20
23.314500000000006
 30
0.0
 11
6.493
 21
23.437500000000007
 31
0.0
  0
ARC
  5
1BC
330
17
100
AcDbEntity
  8
0
100
AcDbCircle
 10
6.478000000000001
 20
23.437500000000007
 30
0.0
 40
0.015000000000000001
100
AcDbArc
 50
0.0
 51
90.0
  0
LINE
  5
1BD
330
17
100
AcDbEntity
  8
0
100
AcDbLine
 10
6.478000000000001
 20
23.452500000000008
 30
0.0
 11
6.0280000000000005
 21
23.452500000000008
 31
0.0
  0
ARC
  5
1BE
330
17
100
AcDbEntity
  8
0
100
AcDbCircle
 10
6.0280000000000005
 20
23.437500000000007
 30
0.0
 40
0.015000000000000001
100
AcDbArc
 50
90.0
 51
180.0
  0
LINE
  5
1BF
330
17
100
AcDbEntity
  8
0
100
AcDbLine
 10
5.363
 20
23.437500000000007
 30
0.0
 11
5.363
 21
23.314500000000006
 31
0.0
  0
ARC
  5
1C0
330
17
100
AcDbEntity
  8
0
100
AcDbCircle
 10
5.378
 20
23.314500000000006
 30
0.0
 40
0.015000000000000001
100
AcDbArc
 50
180.0
 51
270.0
  0
LINE
  5
1C1
330
17
100
AcDbEntity
  8
0
100
AcDbLine
 10
5.378
 20
23.299500000000005
 30
0.0
 11
5.828000000000001
 21
23.299500000000005
 31
0.0
  0
ARC
  5
1C2
330
17
100
AcDbEntity
  8
0
100
AcDbCircle
 10
5.828000000000001
 20
23.314500000000006
 30
0.0
 40
0.015000000000000001
100
AcDbArc
 50
270.0
 51
0.0
  0
LINE
  5
1C3
330
17
100
AcDbEntity
  8
0
100
AcDbLine
 10
5.843000000000001
 20
23.314500000000006
 30
0.0
 11
5.843000000000001
 21
23.437500000000007
 31
0.0
  0
ARC
  5
1C4
330
17
100
AcDbEntity
  8
0
100
AcDbCircle
 10
5.828000000000001
 20
23.437500000000007
 30
0.0
 40
0.015000000000000001
100
AcDbArc
 50
0.0
 51
90.0
  0
LINE
  5
1C5
330
17
100
AcDbEntity
  8
0
100
AcDbLine
 10
5.828000000000001
 20
23.452500000000008
 30
0.0
 11
5.378
 21
23.452500000000008
 31
0.0
  0
ARC
  5
1C6
330
17
100
AcDbEntity
  8
0
100
AcDbCircle
 10
5.378
 20
23.437500000000007
 30
0.0
 40
0.015000000000000001
100
AcDbArc
 50
90.0
 51
180.0
  0
LINE
  5
1C7
330
17
100
AcDbEntity
  8
0
100
AcDbLine
 10
6.763
 20
23.437500000000007
 30
0.0
 11
6.763
 21
23.314500000000006
 31
0.0
  0
ARC
  5
1C8
330
17
100
AcDbEntity
  8
0
100
AcDbCircle
 10
6.778
 20
23.314500000000006
 30
0.0
 40
0.015000000000000001
100
AcDbArc
 50
180.0
 51
270.0
  0
LINE
  5
1C9
330
17
100
AcDbEntity
  8
0
100
AcDbLine
 10
6.778
 20
23.299500000000005
 30
0.0
 11
7.228000000000001
 21
23.299500000000005
 31
0.0
  0
ARC
  5
1CA
330
17
100
AcDbEntity
  8
0
100
AcDbCircle
 10
7.228000000000001
 20
23.314500000000006
 30
0.0
 40
0.015000000000000001
100
AcDbArc
 50
270.0
 51
0.0
  0
LINE
  5
1CB
330
17
100
AcDbEntity
  8
0
100
AcDbLine
 10
7.243
 20
23.314500000000006
 30
0.0
 11
7.243
 21
23.437500000000007
 31
0.0
  0
ARC
  5
1CC
330
17
100
AcDbEntity
  8
0
100
AcDbCircle
 10
7.228000000000001
 20
23.437500000000007
 30
0.0
 40
0.015000000000000001
100
AcDbArc
 50
0.0
 51
90.0
  0
LINE
  5
1CD
330
17
100
AcDbEntity
  8
0
100
AcDbLine
 10
7.228000000000001
 20
23.452500000000008
 30
0.0
 11
6.778
 21
23.452500000000008
 31
0.0
  0
ARC
  5
1CE
330
17
100
AcDbEntity
  8
0
100
AcDbCircle
 10
6.778
 20
23.437500000000007
 30
0.0
 40
0.015000000000000001
100
AcDbArc
 50
90.0
 51
180.0
  0
LINE
  5
1CF
330
17
100
AcDbEntity
  8
0
100
AcDbLine
 10
7.870000000000001
 20
11.860000000000001
 30
0.0
 11
7.870000000000001
 21
0.265
 31
0.0
  0
ARC
  5
1D0
330
17
100
AcDbEntity
  8
0
100
AcDbCircle
 10
7.885000000000001
 20
0.265
 30
0.0
 40
0.015000000000000001
100
AcDbArc
 50
180.0
 51
270.0
  0
LINE
  5
1D1
330
17
100
AcDbEntity
  8
0
100
AcDbLine
 10
7.885000000000001
 20
0.25
 30
0.0
 11
11.605
 21
0.25
 31
0.0
  0
ARC
  5
1D2
330
17
100
AcDbEntity
  8
0
100
AcDbCircle
 10
11.605
 20
0.265
 30
0.0
 40
0.015000000000000001
100
AcDbArc
 50
270.0
 51
0.0
  0
LINE
  5
1D3
330
17
100
AcDbEntity
  8
0
100
AcDbLine
 10
11.620000000000001
 20
0.265
 30
0.0
 11
11.620000000000001
 21
11.860000000000001
 31
0.0
  0
ARC
  5
1D4
330
17
100
AcDbEntity
  8
0
100
AcDbCircle
 10
11.605
 20
11.860000000000001
 30
0.0
 40
0.015000000000000001
100
AcDbArc
 50
0.0
 51
90.0
  0
LINE
  5
1D5
330
17
100
AcDbEntity
  8
0
100
AcDbLine
 10
11.605
 20
11.875000000000002
 30
0.0
 11
7.885000000000001
 21
11.875000000000002
 31
0.0
  0
ARC
  5
1D6
330
17
100
AcDbEntity
  8
0
100
AcDbCircle
 10
7.885000000000001
 20
11.860000000000001
 30
0.0
 40
0.015000000000000001
100
AcDbArc
 50
90.0
 51
180.0
  0
LINE
  5
1D7
330
17
100
AcDbEntity
  8
0
100
AcDbLine
 10
7.977500000000001
 20
1.1600000000000001
 30
0.0
 11
7.977500000000001
 21
0.59
 31
0.0
  0
ARC
  5
1D8
330
17
100
AcDbEntity
  8
0
100
AcDbCircle
 10
7.992500000000001
 20
0.59
 30
0.0
 40
0.015000000000000001
100
AcDbArc
 50
180.0
 51
270.0
  0
LINE
  5
1D9
330
17
100
AcDbEntity
  8
0
100
AcDbLine
 10
7.992500000000001
 20
0.575
 30
0.0
 11
8.1155
 21
0.575
 31
0.0
  0
ARC
  5
1DA
330
17
100
AcDbEntity
  8
0
100
AcDbCircle
 10
8.1155
 20
0.59
 30
0.0
 40
0.015000000000000001
100
AcDbArc
 50
270.0
 51
0.0
  0
LINE
  5
1DB
330
17
100
AcDbEntity
  8
0
100
AcDbLine
 10
8.130500000000001
 20
0.59
 30
0.0
 11
8.130500000000001
 21
1.1600000000000001
 31
0.0
  0
ARC
  5
1DC
330
17
100
AcDbEntity
  8
0
100
AcDbCircle
 10
8.1155
 20
1.1600000000000001
 30
0.0
 40
0.015000000000000001
100
AcDbArc
 50
0.0
 51
90.0
  0
LINE
  5
1DD
330
17
100
AcDbEntity
  8
0
100
AcDbLine
 10
8.1155
 20
1.175
 30
0.0
 11
7.992500000000001
 21
1.175
 31
0.0
  0
ARC
  5
1DE
330
17
100
AcDbEntity
  8
0
100
AcDbCircle
 10
7.992500000000001
 20
1.1600000000000001
 30
0.0
 40
0.015000000000000001
100
AcDbArc
 50
90.0
 51
180.0
  0
LINE
  5
1DF
330
17
100
AcDbEntity
  8
0
100
AcDbLine
 10
7.977500000000001
 20
10.66
 30
0.0
 11
7.977500000000001
 21
10.090000000000002
 31
0.0
  0
ARC
  5
1E0
330
17
100
AcDbEntity
  8
0
100
AcDbCircle
 10
7.992500000000001
 20
10.090000000000002
 30
0.0
 40
0.015000000000000001
100
AcDbArc
 50
180.0
 51
270.0
  0
LINE
  5
1E1
330
17
100
AcDbEntity
  8
0
100
AcDbLine
 10
7.992500000000001
 20
10.075000000000001
 30
0.0
 11
8.1155
 21
10.075000000000001
 31
0.0
  0
ARC
  5
1E2
330
17
100
AcDbEntity
  8
0
100
AcDbCircle
 10
8.1155
 20
10.090000000000002
 30
0.0
 40
0.015000000000000001
100
AcDbArc
 50
270.0
 51
0.0
  0
LINE
  5
1E3
330
17
100
AcDbEntity
  8
0
100
AcDbLine
 10
8.130500000000001
 20
10.090000000000002
 30
0.0
 11
8.130500000000001
 21
10.66
 31
0.0
  0
ARC
  5
1E4
330
17
100
AcDbEntity
  8
0
100
AcDbCircle
 10
8.1155
 20
10.66
 30
0.0
 40
0.015000000000000001
100
AcDbArc
 50
0.0
 51
90.0
  0
LINE
  5
1E5
330
17
100
AcDbEntity
  8
0
100
AcDbLine
 10
8.1155
 20
10.675
 30
0.0
 11
7.992500000000001
 21
10.675
 31
0.0
  0
ARC
  5
1E6
330
17
100
AcDbEntity
  8
0
100
AcDbCircle
 10
7.992500000000001
 20
10.66
 30
0.0
 40
0.015000000000000001
100
AcDbArc
 50
90.0
 51
180.0
  0
LINE
  5
1E7
330
17
100
AcDbEntity
  8
0
100
AcDbLine
 10
7.977500000000001
 20
1.91
 30
0.0
 11
7.977500000000001
 21
1.3399999999999999
 31
0.0
  0
ARC
  5
1E8
330
17
100
AcDbEntity
  8
0
100
AcDbCircle
 10
7.992500000000001
 20
1.3399999999999999
 30
0.0
 40
0.015000000000000001
100
AcDbArc
 50
180.0
 51
270.0
  0
LINE
  5
1E9
330
17
100
AcDbEntity
  8
0
100
AcDbLine
 10
7.992500000000001
 20
1.325
 30
0.0
 11
8.1155
 21
1.325
 31
0.0
  0
ARC
  5
1EA
330
17
100
AcDbEntity
  8
0
100
AcDbCircle
 10
8.1155
 20
1.3399999999999999
 30
0.0
 40
0.015000000000000001
100
AcDbArc
 50
270.0
 51
0.0
  0
LINE
  5
1EB
330
17
100
AcDbEntity
  8
0
100
AcDbLine
 10
8.130500000000001
 20
1.3399999999999999
 30
0.0
 11
8.130500000000001
 21
1.91
 31
0.0
  0
ARC
  5
1EC
330
17
100
AcDbEntity
  8
0
100
AcDbCircle
 10
8.1155
 20
1.91
 30
0.0
 40
0.015000000000000001
100
AcDbArc
 50
0.0
 51
90.0
  0
LINE
  5
1ED
330
17
100
AcDbEntity
  8
0
100
AcDbLine
 10
8.1155
 20
1.9249999999999998
 30
0.0
 11
7.992500000000001
 21
1.9249999999999998
 31
0.0
  0
ARC
  5
1EE
330
17
100
AcDbEntity
  8
0
100
AcDbCircle
 10
7.992500000000001
 20
1.91
 30
0.0
 40
0.015000000000000001
100
AcDbArc
 50
90.0
 51
180.0
  0
LINE
  5
1EF
330
17
100
AcDbEntity
  8
0
100
AcDbLine
 10
7.977500000000001
 20
11.41
 30
0.0
 11
7.977500000000001
 21
10.840000000000002
 31
0.0
  0
ARC
  5
1F0
330
17
100
AcDbEntity
  8
0
100
AcDbCircle
 10
7.992500000000001
 20
10.840000000000002
 30
0.0
 40
0.015000000000000001
100
AcDbArc
 50
180.0
 51
270.0
  0
LINE
  5
1F1
330
17
100
AcDbEntity
  8
0
100
AcDbLine
 10
7.992500000000001
 20
10.825000000000001
 30
0.0
 11
8.1155
 21
10.825000000000001
 31
0.0
  0
ARC
  5
1F2
330
17
100
AcDbEntity
  8
0
100
AcDbCircle
 10
8.1155
 20
10.840000000000002
 30
0.0
 40
0.015000000000000001
100
AcDbArc
 50
270.0
 51
0.0
  0
LINE
  5
1F3
330
17
100
AcDbEntity
  8
0
100
AcDbLine
 10
8.130500000000001
 20
10.840000000000002
 30
0.0
 11
8.130500000000001
 21
11.41
 31
0.0
  0
ARC
  5
1F4
330
17
100
AcDbEntity
  8
0
100
AcDbCircle
 10
8.1155
 20
11.41
 30
0.0
 40
0.015000000000000001
100
AcDbArc
 50
0.0
 51
90.0
  0
LINE
  5
1F5
330
17
100
AcDbEntity
  8
0
100
AcDbLine
 10
8.1155
 20
11.425
 30
0.0
 11
7.992500000000001
 21
11.425
 31
0.0
  0
ARC
  5
1F6
330
17
100
AcDbEntity
  8
0
100
AcDbCircle
 10
7.992500000000001
 20
11.41
 30
0.0
 40
0.015000000000000001
100
AcDbArc
 50
90.0
 51
180.0
  0
LINE
  5
1F7
330
17
100
AcDbEntity
  8
0
100
AcDbLine
 10
11.3595
 20
1.1600000000000001
 30
0.0
 11
11.3595
 21
0.59
 31
0.0
  0
ARC
  5
1F8
330
17
100
AcDbEntity
  8
0
100
AcDbCircle
 10
11.374500000000001
 20
0.59
 30
0.0
 40
0.015000000000000001
100
AcDbArc
 50
180.0
 51
270.0
  0
LINE
  5
1F9
330
17
100
AcDbEntity
  8
0
100
AcDbLine
 10
11.374500000000001
 20
0.575
 30
0.0
 11
11.4975
 21
0.575
 31
0.0
  0
ARC
  5
1FA
330
17
100
AcDbEntity
  8
0
100
AcDbCircle
 10
11.4975
 20
0.59
 30
0.0
 40
0.015000000000000001
100
AcDbArc
 50
270.0
 51
0.0
  0
LINE
  5
1FB
330
17
100
AcDbEntity
  8
0
100
AcDbLine
 10
11.512500000000001
 20
0.59
 30
0.0
 11
11.512500000000001
 21
1.1600000000000001
 31
0.0
  0
ARC
  5
1FC
330
17
100
AcDbEntity
  8
0
100
AcDbCircle
 10
11.4975
 20
1.1600000000000001
 30
0.0
 40
0.015000000000000001
100
AcDbArc
 50
0.0
 51
90.0
  0
LINE
  5
1FD
330
17
100
AcDbEntity
  8
0
100
AcDbLine
 10
11.4975
 20
1.175
 30
0.0
 11
11.374500000000001
 21
1.175
 31
0.0
  0
ARC
  5
1FE
330
17
100
AcDbEntity
  8
0
100
AcDbCircle
 10
11.374500000000001
 20
1.1600000000000001
 30
0.0
 40
0.015000000000000001
100
AcDbArc
 50
90.0
 51
180.0
  0
LINE
  5
1FF
330
17
100
AcDbEntity
  8
0
100
AcDbLine
 10
11.3595
 20
10.66
 30
0.0
 11
11.3595
 21
10.090000000000002
 31
0.0
  0
ARC
  5
200
330
17
100
AcDbEntity
  8
0
100
AcDbCircle
 10
11.374500000000001
 20
10.090000000000002
 30
0.0
 40
0.015000000000000001
100
AcDbArc
 50
180.0
 51
270.0
  0
LINE
  5
201
330
17
100
AcDbEntity
  8
0
100
AcDbLine
 10
11.374500000000001
 20
10.075000000000001
 30
0.0
 11
11.4975
 21
10.075000000000001
 31
0.0
  0
ARC
  5
202
330
17
100
AcDbEntity
  8
0
100
AcDbCircle
 10
11.4975
 20
10.090000000000002
 30
0.0
 40
0.015000000000000001
100
AcDbArc
 50
270.0
 51
0.0
  0
LINE
  5
203
330
17
100
AcDbEntity
  8
0
100
AcDbLine
 10
11.512500000000001
 20
10.090000000000002
 30
0.0
 11
11.512500000000001
 21
10.66
 31
0.0
  0
ARC
  5
204
330
17
100
AcDbEntity
  8
0
100
AcDbCircle
 10
11.4975
 20
10.66
 30
0.0
 40
0.015000000000000001
100
AcDbArc
 50
0.0
 51
90.0
  0
LINE
  5
205
330
17
100
AcDbEntity
  8
0
100
AcDbLine
 10
11.4975
 20
10.675
 30
0.0
 11
11.374500000000001
 21
10.675
 31
0.0
  0
ARC
  5
206
330
17
100
AcDbEntity
  8
0
100
AcDbCircle
 10
11.374500000000001
 20
10.66
 30
0.0
 40
0.015000000000000001
100
AcDbArc
 50
90.0
 51
180.0
  0
LINE
  5
207
330
17
100
AcDbEntity
  8
0
100
AcDbLine
 10
11.3595
 20
1.91
 30
0.0
 11
11.3595
 21
1.3399999999999999
 31
0.0
  0
ARC
  5
208
330
17
100
AcDbEntity
  8
0
100
AcDbCircle
 10
11.374500000000001
 20
1.3399999999999999
 30
0.0
 40
0.015000000000000001
100
AcDbArc
 50
180.0
 51
270.0
  0
LINE
  5
209
330
17
100
AcDbEntity
  8
0
100
AcDbLine
 10
11.374500000000001
 20
1.325
 30
0.0
 11
11.4975
 21
1.325
 31
0.0
  0
ARC
  5
20A
330
17
100
AcDbEntity
  8
0
100
AcDbCircle
 10
11.4975
 20
1.3399999999999999
 30
0.0
 40
0.015000000000000001
100
AcDbArc
 50
270.0
 51
0.0
  0
LINE
  5
20B
330
17
100
AcDbEntity
  8
0
100
AcDbLine
 10
11.512500000000001
 20
1.3399999999999999
 30
0.0
 11
11.512500000000001
 21
1.91
 31
0.0
  0
ARC
  5
20C
330
17
100
AcDbEntity
  8
0
100
AcDbCircle
 10
11.4975
 20
1.91
 30
0.0
 40
0.015000000000000001
100
AcDbArc
 50
0.0
 51
90.0
  0
LINE
  5
20D
330
17
100
AcDbEntity
  8
0
100
AcDbLine
 10
11.4975
 20
1.9249999999999998
 30
0.0
 11
11.374500000000001
 21
1.9249999999999998
 31
0.0
  0
ARC
  5
20E
330
17
100
AcDbEntity
  8
0
100
AcDbCircle
 10
11.374500000000001
 20
1.91
 30
0.0
 40
0.015000000000000001
100
AcDbArc
 50
90.0
 51
180.0
  0
LINE
  5
20F
330
17
100
AcDbEntity
  8
0
100
AcDbLine
 10
11.3595
 20
11.41
 30
0.0
 11
11.3595
 21
10.840000000000002
 31
0.0
  0
ARC
  5
210
330
17
100
AcDbEntity
  8
0
100
AcDbCircle
 10
11.374500000000001
 20
10.840000000000002
 30
0.0
 40
0.015000000000000001
100
AcDbArc
 50
180.0
 51
270.0
  0
LINE
  5
211
330
17
100
AcDbEntity
  8
0
100
AcDbLine
 10
11.374500000000001
 20
10.825000000000001
 30
0.0
 11
11.4975
 21
10.825000000000001
 31
0.0
  0
ARC
  5
212
330
17
100
AcDbEntity
  8
0
100
AcDbCircle
 10
11.4975
 20
10.840000000000002
 30
0.0
 40
0.015000000000000001
100
AcDbArc
 50
270.0
 51
0.0
  0
LINE
  5
213
330
17
100
AcDbEntity
  8
0
100
AcDbLine
 10
11.512500000000001
 20
10.840000000000002
 30
0.0
 11
11.512500000000001
 21
11.41
 31
0.0
  0
ARC
  5
214
330
17
100
AcDbEntity
  8
0
100
AcDbCircle
 10
11.4975
 20
11.41
 30
0.0
 40
0.015000000000000001
100
AcDbArc
 50
0.0
 51
90.0
  0
LINE
  5
215
330
17
100
AcDbEntity
  8
0
100
AcDbLine
 10
11.4975
 20
11.425
 30
0.0
 11
11.374500000000001
 21
11.425
 31
0.0
  0
ARC
  5
216
330
17
100
AcDbEntity
  8
0
100
AcDbCircle
 10
11.374500000000001
 20
11.41
 30
0.0
 40
0.015000000000000001
100
AcDbArc
 50
90.0
 51
180.0
  0
LINE
  5
217
330
17
100
AcDbEntity
  8
0
100
AcDbLine
 10
8.423000000000002
 20
11.752500000000003
 30
0.0
 11
8.423000000000002
 21
11.629500000000004
 31
0.0
  0
ARC
  5
218
330
17
100
AcDbEntity
  8
0
100
AcDbCircle
 10
8.438000000000002
 20
11.629500000000004
 30
0.0
 40
0.015000000000000001
100
AcDbArc
 50
180.0
 51
270.0
  0
LINE
  5
219
330
17
100
AcDbEntity
  8
0
100
AcDbLine
 10
8.438000000000002
 20
11.614500000000003
 30
0.0
 11
8.888
 21
11.614500000000003
 31
0.0
  0
ARC
  5
21A
330
17
100
AcDbEntity
  8
0
100
AcDbCircle
 10
8.888
 20
11.629500000000004
 30
0.0
 40
0.015000000000000001
100
AcDbArc
 50
270.0
 51
0.0
  0
LINE
  5
21B
330
17
100
AcDbEntity
  8
0
100
AcDbLine
 10
8.903
 20
11.629500000000004
 30
0.0
 11
8.903
 21
11.752500000000003
 31
0.0
  0
ARC
  5
21C
330
17
100
AcDbEntity
  8
0
100
AcDbCircle
 10
8.888
 20
11.752500000000003
 30
0.0
 40
0.015000000000000001
100
AcDbArc
 50
0.0
 51
90.0
  0
LINE
  5
21D
330
17
100
AcDbEntity
  8
0
100
AcDbLine
 10
8.888
 20
11.767500000000004
 30
0.0
 11
8.438000000000002
 21
11.767500000000004
 31
0.0
  0
ARC
  5
21E
330
17
100
AcDbEntity
  8
0
100
AcDbCircle
 10
8.438000000000002
 20
11.752500000000003
 30
0.0
 40
0.015000000000000001
100
AcDbArc
 50
90.0
 51
180.0
  0
LINE
  5
21F
330
17
100
AcDbEntity
  8
0
100
AcDbLine
 10
9.823
 20
11.752500000000003
 30
0.0
 11
9.823
 21
11.629500000000004
 31
0.0
  0
ARC
  5
220
330
17
100
AcDbEntity
  8
0
100
AcDbCircle
 10
9.838000000000001
 20
11.629500000000004
 30
0.0
 40
0.015000000000000001
100
AcDbArc
 50
180.0
 51
270.0
  0
LINE
  5
221
330
17
100
AcDbEntity
  8
0
100
AcDbLine
 10
9.838000000000001
 20
11.614500000000003
 30
0.0
 11
10.288
 21
11.614500000000003
 31
0.0
  0
ARC
  5
222
330
17
100
AcDbEntity
  8
0
100
AcDbCircle
 10
10.288
 20
11.629500000000004
 30
0.0
 40
0.015000000000000001
100
AcDbArc
 50
270.0
 51
0.0
  0
LINE
  5
223
330
17
100
AcDbEntity
  8
0
100
AcDbLine
 10
10.303
 20
11.629500000000004
 30
0.0
 11
10.303
 21
11.752500000000003
 31
0.0
  0
ARC
  5
224
330
17
100
AcDbEntity
  8
0
100
AcDbCircle
 10
10.288
 20
11.752500000000003
 30
0.0
 40
0.015000000000000001
100
AcDbArc
 50
0.0
 51
90.0
  0
LINE
  5
225
330
17
100
AcDbEntity
  8
0
100
AcDbLine
 10
10.288
 20
11.767500000000004
 30
0.0
 11
9.838000000000001
 21
11.767500000000004
 31
0.0
  0
ARC
  5
226
330
17
100
AcDbEntity
  8
0
100
AcDbCircle
 10
9.838000000000001
 20
11.752500000000003
 30
0.0
 40
0.015000000000000001
100
AcDbArc
 50
90.0
 51
180.0
  0
LINE
  5
227
330
17
100
AcDbEntity
  8
0
100
AcDbLine
 10
9.173000000000002
 20
11.752500000000003
 30
0.0
 11
9.173000000000002
 21
11.629500000000004
 31
0.0
  0
ARC
  5
228
330
17
100
AcDbEntity
  8
0
100
AcDbCircle
 10
9.188000000000002
 20
11.629500000000004
 30
0.0
 40
0.015000000000000001
100
AcDbArc
 50
180.0
 51
270.0
  0
LINE
  5
229
330
17
100
AcDbEntity
  8
0
100
AcDbLine
 10
9.188000000000002
 20
11.614500000000003
 30
0.0
 11
9.638
 21
11.614500000000003
 31
0.0
  0
ARC
  5
22A
330
17
100
AcDbEntity
  8
0
100
AcDbCircle
 10
9.638
 20
11.629500000000004
 30
0.0
 40
0.015000000000000001
100
AcDbArc
 50
270.0
 51
0.0
  0
LINE
  5
22B
330
17
100
AcDbEntity
  8
0
100
AcDbLine
 10
9.653
 20
11.629500000000004
 30
0.0
 11
9.653
 21
11.752500000000003
 31
0.0
  0
ARC
  5
22C
330
17
100
AcDbEntity
  8
0
100
AcDbCircle
 10
9.638
 20
11.752500000000003
 30
0.0
 40
0.015000000000000001
100
AcDbArc
 50
0.0
 51
90.0
  0
LINE
  5
22D
330
17
100
AcDbEntity
  8
0
100
AcDbLine
 10
9.638
 20
11.767500000000004
 30
0.0
 11
9.188000000000002
 21
11.767500000000004
 31
0.0
  0
ARC
  5
22E
330
17
100
AcDbEntity
  8
0
100
AcDbCircle
 10
9.188000000000002
 20
11.752500000000003
 30
0.0
 40
0.015000000000000001
100
AcDbArc
 50
90.0
 51
180.0
  0
LINE
  5
22F
330
17
100
AcDbEntity
  8
0
100
AcDbLine
 10
10.573
 20
11.752500000000003
 30
0.0
 11
10.573
 21
11.629500000000004
 31
0.0
  0
ARC
  5
230
330
17
100
AcDbEntity
  8
0
100
AcDbCircle
 10
10.588000000000001
 20
11.629500000000004
 30
0.0
 40
0.015000000000000001
100
AcDbArc
 50
180.0
 51
270.0
  0
LINE
  5
231
330
17
100
AcDbEntity
  8
0
100
AcDbLine
 10
10.588000000000001
 20
11.614500000000003
 30
0.0
 11
11.038
 21
11.614500000000003
 31
0.0
  0
ARC
  5
232
330
17
100
AcDbEntity
  8
0
100
AcDbCircle
 10
11.038
 20
11.629500000000004
 30
0.0
 40
0.015000000000000001
100
AcDbArc
 50
270.0
 51
0.0
  0
LINE
  5
233
330
17
100
AcDbEntity
  8
0
100
AcDbLine
 10
11.053
 20
11.629500000000004
 30
0.0
 11
11.053
 21
11.752500000000003
 31
0.0
  0
ARC
  5
234
330
17
100
AcDbEntity
  8
0
100
AcDbCircle
 10
11.038
 20
11.752500000000003
 30
0.0
 40
0.015000000000000001
100
AcDbArc
 50
0.0
 51
90.0
  0
LINE
  5
235
330
17
100
AcDbEntity
  8
0
100
AcDbLine
 10
11.038
 20
11.767500000000004
 30
0.0
 11
10.588000000000001
 21
11.767500000000004
 31
0.0
  0
ARC
  5
236
330
17
100
AcDbEntity
  8
0
100
AcDbCircle
 10
10.588000000000001
 20
11.752500000000003
 30
0.0
 40
0.015000000000000001
100
AcDbArc
 50
90.0
 51
180.0
  0
LINE
  5
237
330
17
100
AcDbEntity
  8
0
100
AcDbLine
 10
7.870000000000001
 20
15.263000000000002
 30
0.0
 11
7.870000000000001
 21
12.029000000000003
 31
0.0
  0
ARC
  5
238
330
17
100
AcDbEntity
  8
0
100
AcDbCircle
 10
7.885000000000001
 20
12.029000000000003
 30
0.0
 40
0.015000000000000001
100
AcDbArc
 50
180.0
 51
270.0
  0
LINE
  5
239
330
17
100
AcDbEntity
  8
0
100
AcDbLine
 10
7.885000000000001
 20
12.014000000000003
 30
0.0
 11
8.205
 21
12.014000000000003
 31
0.0
  0
ARC
  5
23A
330
17
100
AcDbEntity
  8
0
100
AcDbCircle
 10
8.205
 20
11.999000000000002
 30
0.0
 40
0.015000000000000001
100
AcDbArc
 50
0.0
 51
90.0
  0
LINE
  5
23B
330
17
100
AcDbEntity
  8
0
100
AcDbLine
 10
8.22
 20
11.999000000000002
 30
0.0
 11
8.22
 21
11.950000000000003
 31
0.0
  0
ARC
  5
23C
330
17
100
AcDbEntity
  8
0
100
AcDbCircle
 10
8.235000000000001
 20
11.950000000000003
 30
0.0
 40
0.015000000000000001
100
AcDbArc
 50
180.0
 51
270.0
  0
LINE
  5
23D
330
17
100
AcDbEntity
  8
0
100
AcDbLine
 10
8.235000000000001
 20
11.935000000000002
 30
0.0
 11
8.605
 21
11.935000000000002
 31
0.0
  0
ARC
  5
23E
330
17
100
AcDbEntity
  8
0
100
AcDbCircle
 10
8.605
 20
11.950000000000003
 30
0.0
 40
0.015000000000000001
100
AcDbArc
 50
270.0
 51
0.0
  0
LINE
  5
23F
330
17
100
AcDbEntity
  8
0
100
AcDbLine
 10
8.620000000000001
 20
11.950000000000003
 30
0.0
 11
8.620000000000001
 21
11.999000000000002
 31
0.0
  0
ARC
  5
240
330
17
100
AcDbEntity
  8
0
100
AcDbCircle
 10
8.635000000000002
 20
11.999000000000002
 30
0.0
 40
0.015000000000000001
100
AcDbArc
 50
90.0
 51
180.0
  0
LINE
  5
241
330
17
100
AcDbEntity
  8
0
100
AcDbLine
 10
8.635000000000002
 20
12.014000000000003
 30
0.0
 11
9.605
 21
12.014000000000003
 31
0.0
  0
ARC
  5
242
330
17
100
AcDbEntity
  8
0
100
AcDbCircle
 10
9.605
 20
11.999000000000002
 30
0.0
 40
0.015000000000000001
100
AcDbArc
 50
0.0
 51
90.0
  0
LINE
  5
243
330
17
100
AcDbEntity
  8
0
100
AcDbLine
 10
9.620000000000001
 20
11.999000000000002
 30
0.0
 11
9.620000000000001
 21
11.950000000000003
 31
0.0
  0
ARC
  5
244
330
17
100
AcDbEntity
  8
0
100
AcDbCircle
 10
9.635000000000002
 20
11.950000000000003
 30
0.0
 40
0.015000000000000001
100
AcDbArc
 50
180.0
 51
270.0
  0
LINE
  5
245
330
17
100
AcDbEntity
  8
0
100
AcDbLine
 10
9.635000000000002
 20
11.935000000000002
 30
0.0
 11
10.005
 21
11.935000000000002
 31
0.0
  0
ARC
  5
246
330
17
100
AcDbEntity
  8
0
100
AcDbCircle
 10
10.005
 20
11.950000000000003
 30
0.0
 40
0.015000000000000001
100
AcDbArc
 50
270.0
 51
0.0
  0
LINE
  5
247
330
17
100
AcDbEntity
  8
0
100
AcDbLine
 10
10.020000000000001
 20
11.950000000000003
 30
0.0
 11
10.020000000000001
 21
11.999000000000002
 31
0.0
  0
ARC
  5
248
330
17
100
AcDbEntity
  8
0
100
AcDbCircle
 10
10.035000000000002
 20
11.999000000000002
 30
0.0
 40
0.015000000000000001
100
AcDbArc
 50
90.0
 51
180.0
  0
LINE
  5
249
330
17
100
AcDbEntity
  8
0
100
AcDbLine
 10
10.035000000000002
 20
12.014000000000003
 30
0.0
 11
11.119
 21
12.014000000000003
 31
0.0
  0
ARC
  5
24A
330
17
100
AcDbEntity
  8
0
100
AcDbCircle
 10
11.119
 20
12.029000000000003
 30
0.0
 40
0.015000000000000001
100
AcDbArc
 50
270.0
 51
0.0
  0
LINE
  5
24B
330
17
100
AcDbEntity
  8
0
100
AcDbLine
 10
11.134
 20
12.029000000000003
 30
0.0
 11
11.134
 21
15.263000000000002
 31
0.0
  0
ARC
  5
24C
330
17
100
AcDbEntity
  8
0
100
AcDbCircle
 10
11.119
 20
15.263000000000002
 30
0.0
 40
0.015000000000000001
100
AcDbArc
 50
0.0
 51
90.0
  0
LINE
  5
24D
330
17
100
AcDbEntity
  8
0
100
AcDbLine
 10
11.119
 20
15.278000000000002
 30
0.0
 11
10.785000000000002
 21
15.278000000000002
 31
0.0
  0
ARC
  5
24E
330
17
100
AcDbEntity
  8
0
100
AcDbCircle
 10
10.785000000000002
 20
15.293000000000003
 30
0.0
 40
0.015000000000000001
100
AcDbArc
 50
180.0
 51
270.0
  0
LINE
  5
24F
330
17
100
AcDbEntity
  8
0
100
AcDbLine
 10
10.770000000000001
 20
15.293000000000003
 30
0.0
 11
10.770000000000001
 21
15.342000000000002
 31
0.0
  0
ARC
  5
250
330
17
100
AcDbEntity
  8
0
100
AcDbCircle
 10
10.755
 20
15.342000000000002
 30
0.0
 40
0.015000000000000001
100
AcDbArc
 50
0.0
 51
90.0
  0
LINE
  5
251
330
17
100
AcDbEntity
  8
0
100
AcDbLine
 10
10.755
 20
15.357000000000003
 30
0.0
 11
10.385000000000002
 21
15.357000000000003
 31
0.0
  0
ARC
  5
252
330
17
100
AcDbEntity
  8
0
100
AcDbCircle
 10
10.385000000000002
 20
15.342000000000002
 30
0.0
 40
0.015000000000000001
100
AcDbArc
 50
90.0
 51
180.0
  0
LINE
  5
253
330
17
100
AcDbEntity
  8
0
100
AcDbLine
 10
10.370000000000001
 20
15.342000000000002
 30
0.0
 11
10.370000000000001
 21
15.293000000000003
 31
0.0
  0
ARC
  5
254
330
17
100
AcDbEntity
  8
0
100
AcDbCircle
 10
10.355
 20
15.293000000000003
 30
0.0
 40
0.015000000000000001
100
AcDbArc
 50
270.0
 51
0.0
  0
LINE
  5
255
330
17
100
AcDbEntity
  8
0
100
AcDbLine
 10
10.355
 20
15.278000000000002
 30
0.0
 11
9.385000000000002
 21
15.278000000000002
 31
0.0
  0
ARC
  5
256
330
17
100
AcDbEntity
  8
0
100
AcDbCircle
 10
9.385000000000002
 20
15.293000000000003
 30
0.0
 40
0.015000000000000001
100
AcDbArc
 50
180.0
 51
270.0
  0
LINE
  5
257
330
17
100
AcDbEntity
  8
0
100
AcDbLine
 10
9.370000000000001
 20
15.293000000000003
 30
0.0
 11
9.370000000000001
 21
15.342000000000002
 31
0.0
  0
ARC
  5
258
330
17
100
AcDbEntity
  8
0
100
AcDbCircle
 10
9.355
 20
15.342000000000002
 30
0.0
 40
0.015000000000000001
100
AcDbArc
 50
0.0
 51
90.0
  0
LINE
  5
259
330
17
100
AcDbEntity
  8
0
100
AcDbLine
 10
9.355
 20
15.357000000000003
 30
0.0
 11
8.985000000000001
 21
15.357000000000003
 31
0.0
  0
ARC
  5
25A
330
17
100
AcDbEntity
  8
0
100
AcDbCircle
 10
8.985000000000001
 20
15.342000000000002
 30
0.0
 40
0.015000000000000001
100
AcDbArc
 50
90.0
 51
180.0
  0
LINE
  5
25B
330
17
100
AcDbEntity
  8
0
100
AcDbLine
 10
8.97
 20
15.342000000000002
 30
0.0
 11
8.97
 21
15.293000000000003
 31
0.0
  0
ARC
  5
25C
330
17
100
AcDbEntity
  8
0
100
AcDbCircle
 10
8.955
 20
15.293000000000003
 30
0.0
 40
0.015000000000000001
100
AcDbArc
 50
270.0
 51
0.0
  0
LINE
  5
25D
330
17
100
AcDbEntity
  8
0
100
AcDbLine
 10
8.955
 20
15.278000000000002
 30
0.0
 11
7.885000000000001
 21
15.278000000000002
 31
0.0
  0
ARC
  5
25E
330
17
100
AcDbEntity
  8
0
100
AcDbCircle
 10
7.885000000000001
 20
15.263000000000002
 30
0.0
 40
0.015000000000000001
100
AcDbArc
 50
90.0
 51
180.0
  0
LINE
  5
25F
330
17
100
AcDbEntity
  8
0
100
AcDbLine
 10
7.870000000000001
 20
18.745
 30
0.0
 11
7.870000000000001
 21
15.511000000000003
 31
0.0
  0
ARC
  5
260
330
17
100
AcDbEntity
  8
0
100
AcDbCircle
 10
7.885000000000001
 20
15.511000000000003
 30
0.0
 40
0.015000000000000001
100
AcDbArc
 50
180.0
 51
270.0
  0
LINE
  5
261
330
17
100
AcDbEntity
  8
0
100
AcDbLine
 10
7.885000000000001
 20
15.496000000000002
 30
0.0
 11
8.205
 21
15.496000000000002
 31
0.0
  0
ARC
  5
262
330
17
100
AcDbEntity
  8
0
100
AcDbCircle
 10
8.205
 20
15.481000000000002
 30
0.0
 40
0.015000000000000001
100
AcDbArc
 50
0.0
 51
90.0
  0
LINE
  5
263
330
17
100
AcDbEntity
  8
0
100
AcDbLine
 10
8.22
 20
15.481000000000002
 30
0.0
 11
8.22
 21
15.432000000000002
 31
0.0
  0
ARC
  5
264
330
17
100
AcDbEntity
  8
0
100
AcDbCircle
 10
8.235000000000001
 20
15.432000000000002
 30
0.0
 40
0.015000000000000001
100
AcDbArc
 50
180.0
 51
270.0
  0
LINE
  5
265
330
17
100
AcDbEntity
  8
0
100
AcDbLine
 10
8.235000000000001
 20
15.417000000000002
 30
0.0
 11
8.605
 21
15.417000000000002
 31
0.0
  0
ARC
  5
266
330
17
100
AcDbEntity
  8
0
100
AcDbCircle
 10
8.605
 20
15.432000000000002
 30
0.0
 40
0.015000000000000001
100
AcDbArc
 50
270.0
 51
0.0
  0
LINE
  5
267
330
17
100
AcDbEntity
  8
0
100
AcDbLine
 10
8.620000000000001
 20
15.432000000000002
 30
0.0
 11
8.620000000000001
 21
15.481000000000002
 31
0.0
  0
ARC
  5
268
330
17
100
AcDbEntity
  8
0
100
AcDbCircle
 10
8.635000000000002
 20
15.481000000000002
 30
0.0
 40
0.015000000000000001
100
AcDbArc
 50
90.0
 51
180.0
  0
LINE
  5
269
330
17
100
AcDbEntity
  8
0
100
AcDbLine
 10
8.635000000000002
 20
15.496000000000002
 30
0.0
 11
9.605
 21
15.496000000000002
 31
0.0
  0
ARC
  5
26A
330
17
100
AcDbEntity
  8
0
100
AcDbCircle
 10
9.605
 20
15.481000000000002
 30
0.0
 40
0.015000000000000001
100
AcDbArc
 50
0.0
 51
90.0
  0
LINE
  5
26B
330
17
100
AcDbEntity
  8
0
100
AcDbLine
 10
9.620000000000001
 20
15.481000000000002
 30
0.0
 11
9.620000000000001
 21
15.432000000000002
 31
0.0
  0
ARC
  5
26C
330
17
100
AcDbEntity
  8
0
100
AcDbCircle
 10
9.635000000000002
 20
15.432000000000002
 30
0.0
 40
0.015000000000000001
100
AcDbArc
 50
180.0
 51
270.0
  0
LINE
  5
26D
330
17
100
AcDbEntity
  8
0
100
AcDbLine
 10
9.635000000000002
 20
15.417000000000002
 30
0.0
 11
10.005
 21
15.417000000000002
 31
0.0
  0
ARC
  5
26E
330
17
100
AcDbEntity
  8
0
100
AcDbCircle
 10
10.005
 20
15.432000000000002
 30
0.0
 40
0.015000000000000001
100
AcDbArc
 50
270.0
 51
0.0
  0
LINE
  5
26F
330
17
100
AcDbEntity
  8
0
100
AcDbLine
 10
10.020000000000001
 20
15.432000000000002
 30
0.0
 11
10.020000000000001
 21
15.481000000000002
 31
0.0
  0
ARC
  5
270
330
17
100
AcDbEntity
  8
0
100
AcDbCircle
 10
10.035000000000002
 20
15.481000000000002
 30
0.0
 40
0.015000000000000001
100
AcDbArc
 50
90.0
 51
180.0
  0
LINE
  5
271
330
17
100
AcDbEntity
  8
0
100
AcDbLine
 10
10.035000000000002
 20
15.496000000000002
 30
0.0
 11
11.119
 21
15.496000000000002
 31
0.0
  0
ARC
  5
272
330
17
100
AcDbEntity
  8
0
100
AcDbCircle
 10
11.119
 20
15.511000000000003
 30
0.0
 40
0.015000000000000001
100
AcDbArc
 50
270.0
 51
0.0
  0
LINE
  5
273
330
17
100
AcDbEntity
  8
0
100
AcDbLine
 10
11.134
 20
15.511000000000003
 30
0.0
 11
11.134
 21
18.745
 31
0.0
  0
ARC
  5
274
330
17
100
AcDbEntity
  8
0
100
AcDbCircle
 10
11.119
 20
18.745
 30
0.0
 40
0.015000000000000001
100
AcDbArc
 50
0.0
 51
90.0
  0
LINE
  5
275
330
17
100
AcDbEntity
  8
0
100
AcDbLine
 10
11.119
 20
18.76
 30
0.0
 11
10.785000000000002
 21
18.76
 31
0.0
  0
ARC
  5
276
330
17
100
AcDbEntity
  8
0
100
AcDbCircle
 10
10.785000000000002
 20
18.775000000000002
 30
0.0
 40
0.015000000000000001
100
AcDbArc
 50
180.0
 51
270.0
  0
LINE
  5
277
330
17
100
AcDbEntity
  8
0
100
AcDbLine
 10
10.770000000000001
 20
18.775000000000002
 30
0.0
 11
10.770000000000001
 21
18.824
 31
0.0
  0
ARC
  5
278
330
17
100
AcDbEntity
  8
0
100
AcDbCircle
 10
10.755
 20
18.824
 30
0.0
 40
0.015000000000000001
100
AcDbArc
 50
0.0
 51
90.0
  0
LINE
  5
279
330
17
100
AcDbEntity
  8
0
100
AcDbLine
 10
10.755
 20
18.839000000000002
 30
0.0
 11
10.385000000000002
 21
18.839000000000002
 31
0.0
  0
ARC
  5
27A
330
17
100
AcDbEntity
  8
0
100
AcDbCircle
 10
10.385000000000002
 20
18.824
 30
0.0
 40
0.015000000000000001
100
AcDbArc
 50
90.0
 51
180.0
  0
LINE
  5
27B
330
17
100
AcDbEntity
  8
0
100
AcDbLine
 10
10.370000000000001
 20
18.824
 30
0.0
 11
10.370000000000001
 21
18.775000000000002
 31
0.0
  0
ARC
  5
27C
330
17
100
AcDbEntity
  8
0
100
AcDbCircle
 10
10.355
 20
18.775000000000002
 30
0.0
 40
0.015000000000000001
100
AcDbArc
 50
270.0
 51
0.0
  0
LINE
  5
27D
330
17
100
AcDbEntity
  8
0
100
AcDbLine
 10
10.355
 20
18.76
 30
0.0
 11
9.385000000000002
 21
18.76
 31
0.0
  0
ARC
  5
27E
330
17
100
AcDbEntity
  8
0
100
AcDbCircle
 10
9.385000000000002
 20
18.775000000000002
 30
0.0
 40
0.015000000000000001
100
AcDbArc
 50
180.0
 51
270.0
  0
LINE
  5
27F
330
17
100
AcDbEntity
  8
0
100
AcDbLine
 10
9.370000000000001
 20
18.775000000000002
 30
0.0
 11
9.370000000000001
 21
18.824
 31
0.0
  0
ARC
  5
280
330
17
100
AcDbEntity
  8
0
100
AcDbCircle
 10
9.355
 20
18.824
 30
0.0
 40
0.015000000000000001
100
AcDbArc
 50
0.0
 51
90.0
  0
LINE
  5
281
330
17
100
AcDbEntity
  8
0
100
AcDbLine
 10
9.355
 20
18.839000000000002
 30
0.0
 11
8.985000000000001
 21
18.839000000000002
 31
0.0
  0
ARC
  5
282
330
17
100
AcDbEntity
  8
0
100
AcDbCircle
 10
8.985000000000001
 20
18.824
 30
0.0
 40
0.015000000000000001
100
AcDbArc
 50
90.0
 51
180.0
  0
LINE
  5
283
330
17
100
AcDbEntity
  8
0
100
AcDbLine
 10
8.97
 20
18.824
 30
0.0
 11
8.97
 21
18.775000000000002
 31
0.0
  0
ARC
  5
284
330
17
100
AcDbEntity
  8
0
100
AcDbCircle
 10
8.955
 20
18.775000000000002
 30
0.0
 40
0.015000000000000001
100
AcDbArc
 50
270.0
 51
0.0
  0
LINE
  5
285
330
17
100
AcDbEntity
  8
0
100
AcDbLine
 10
8.955
 20
18.76
 30
0.0
 11
7.885000000000001
 21
18.76
 31
0.0
  0
ARC
  5
286
330
17
100
AcDbEntity
  8
0
100
AcDbCircle
 10
7.885000000000001
 20
18.745
 30
0.0
 40
0.015000000000000001
100
AcDbArc
 50
90.0
 51
180.0
  0
LINE
  5
287
330
17
100
AcDbEntity
  8
0
100
AcDbLine
 10
7.870000000000001
 20
22.227
 30
0.0
 11
7.870000000000001
 21
18.993000000000002
 31
0.0
  0
ARC
  5
288
330
17
100
AcDbEntity
  8
0
100
AcDbCircle
 10
7.885000000000001
 20
18.993000000000002
 30
0.0
 40
0.015000000000000001
100
AcDbArc
 50
180.0
 51
270.0
  0
LINE
  5
289
330
17
100
AcDbEntity
  8
0
100
AcDbLine
 10
7.885000000000001
 20
18.978
 30
0.0
 11
8.205
 21
18.978
 31
0.0
  0
ARC
  5
28A
330
17
100
AcDbEntity
  8
0
100
AcDbCircle
 10
8.205
 20
18.963
 30
0.0
 40
0.015000000000000001
100
AcDbArc
 50
0.0
 51
90.0
  0
LINE
  5
28B
330
17
100
AcDbEntity
  8
0
100
AcDbLine
 10
8.22
 20
18.963
 30
0.0
 11
8.22
 21
18.914
 31
0.0
  0
ARC
  5
28C
330
17
100
AcDbEntity
  8
0
100
AcDbCircle
 10
8.235000000000001
 20
18.914
 30
0.0
 40
0.015000000000000001
100
AcDbArc
 50
180.0
 51
270.0
  0
LINE
  5
28D
330
17
100
AcDbEntity
  8
0
100
AcDbLine
 10
8.235000000000001
 20
18.899
 30
0.0
 11
8.605
 21
18.899
 31
0.0
  0
ARC
  5
28E
330
17
100
AcDbEntity
  8
0
100
AcDbCircle
 10
8.605
 20
18.914
 30
0.0
 40
0.015000000000000001
100
AcDbArc
 50
270.0
 51
0.0
  0
LINE
  5
28F
330
17
100
AcDbEntity
  8
0
100
AcDbLine
 10
8.620000000000001
 20
18.914
 30
0.0
 11
8.620000000000001
 21
18.963
 31
0.0
  0
ARC
  5
290
330
17
100
AcDbEntity
  8
0
100
AcDbCircle
 10
8.635000000000002
 20
18.963
 30
0.0
 40
0.015000000000000001
100
AcDbArc
 50
90.0
 51
180.0
  0
LINE
  5
291
330
17
100
AcDbEntity
  8
0
100
AcDbLine
 10
8.635000000000002
 20
18.978
 30
0.0
 11
9.605
 21
18.978
 31
0.0
  0
ARC
  5
292
330
17
100
AcDbEntity
  8
0
100
AcDbCircle
 10
9.605
 20
18.963
 30
0.0
 40
0.015000000000000001
100
AcDbArc
 50
0.0
 51
90.0
  0
LINE
  5
293
330
17
100
AcDbEntity
  8
0
100
AcDbLine
 10
9.620000000000001
 20
18.963
 30
0.0
 11
9.620000000000001
 21
18.914
 31
0.0
  0
ARC
  5
294
330
17
100
AcDbEntity
  8
0
100
AcDbCircle
 10
9.635000000000002
 20
18.914
 30
0.0
 40
0.015000000000000001
100
AcDbArc
 50
180.0
 51
270.0
  0
LINE
  5
295
330
17
100
AcDbEntity
  8
0
100
AcDbLine
 10
9.635000000000002
 20
18.899
 30
0.0
 11
10.005
 21
18.899
 31
0.0
  0
ARC
  5
296
330
17
100
AcDbEntity
  8
0
100
AcDbCircle
 10
10.005
 20
18.914
 30
0.0
 40
0.015000000000000001
100
AcDbArc
 50
270.0
 51
0.0
  0
LINE
  5
297
330
17
100
AcDbEntity
  8
0
100
AcDbLine
 10
10.020000000000001
 20
18.914
 30
0.0
 11
10.020000000000001
 21
18.963
 31
0.0
  0
ARC
  5
298
330
17
100
AcDbEntity
  8
0
100
AcDbCircle
 10
10.035000000000002
 20
18.963
 30
0.0
 40
0.015000000000000001
100
AcDbArc
 50
90.0
 51
180.0
  0
LINE
  5
299
330
17
100
AcDbEntity
  8
0
100
AcDbLine
 10
10.035000000000002
 20
18.978
 30
0.0
 11
11.119
 21
18.978
 31
0.0
  0
ARC
  5
29A
330
17
100
AcDbEntity
  8
0
100
AcDbCircle
 10
11.119
 20
18.993000000000002
 30
0.0
 40
0.015000000000000001
100
AcDbArc
 50
270.0
 51
0.0
  0
LINE
  5
29B
330
17
100
AcDbEntity
  8
0
100
AcDbLine
 10
11.134
 20
18.993000000000002
 30
0.0
 11
11.134
 21
22.227
 31
0.0
  0
ARC
  5
29C
330
17
100
AcDbEntity
  8
0
100
AcDbCircle
 10
11.119
 20
22.227
 30
0.0
 40
0.015000000000000001
100
AcDbArc
 50
0.0
 51
90.0
  0
LINE
  5
29D
330
17
100
AcDbEntity
  8
0
100
AcDbLine
 10
11.119
 20
22.242
 30
0.0
 11
10.785000000000002
 21
22.242
 31
0.0
  0
ARC
  5
29E
330
17
100
AcDbEntity
  8
0
100
AcDbCircle
 10
10.785000000000002
 20
22.257
 30
0.0
 40
0.015000000000000001
100
AcDbArc
 50
180.0
 51
270.0
  0
LINE
  5
29F
330
17
100
AcDbEntity
  8
0
100
AcDbLine
 10
10.770000000000001
 20
22.257
 30
0.0
 11
10.770000000000001
 21
22.306
 31
0.0
  0
ARC
  5
2A0
330
17
100
AcDbEntity
  8
0
100
AcDbCircle
 10
10.755
 20
22.306
 30
0.0
 40
0.015000000000000001
100
AcDbArc
 50
0.0
 51
90.0
  0
LINE
  5
2A1
330
17
100
AcDbEntity
  8
0
100
AcDbLine
 10
10.755
 20
22.321
 30
0.0
 11
10.385000000000002
 21
22.321
 31
0.0
  0
ARC
  5
2A2
330
17
100
AcDbEntity
  8
0
100
AcDbCircle
 10
10.385000000000002
 20
22.306
 30
0.0
 40
0.015000000000000001
100
AcDbArc
 50
90.0
 51
180.0
  0
LINE
  5
2A3
330
17
100
AcDbEntity
  8
0
100
AcDbLine
 10
10.370000000000001
 20
22.306
 30
0.0
 11
10.370000000000001
 21
22.257
 31
0.0
  0
ARC
  5
2A4
330
17
100
AcDbEntity
  8
0
100
AcDbCircle
 10
10.355
 20
22.257
 30
0.0
 40
0.015000000000000001
100
AcDbArc
 50
270.0
 51
0.0
  0
LINE
  5
2A5
330
17
100
AcDbEntity
  8
0
100
AcDbLine
 10
10.355
 20
22.242
 30
0.0
 11
9.385000000000002
 21
22.242
 31
0.0
  0
ARC
  5
2A6
330
17
100
AcDbEntity
  8
0
100
AcDbCircle
 10
9.385000000000002
 20
22.257
 30
0.0
 40
0.015000000000000001
100
AcDbArc
 50
180.0
 51
270.0
  0
LINE
  5
2A7
330
17
100
AcDbEntity
  8
0
100
AcDbLine
 10
9.370000000000001
 20
22.257
 30
0.0
 11
9.370000000000001
 21
22.306
 31
0.0
  0
ARC
  5
2A8
330
17
100
AcDbEntity
  8
0
100
AcDbCircle
 10
9.355
 20
22.306
 30
0.0
 40
0.015000000000000001
100
AcDbArc
 50
0.0
 51
90.0
  0
LINE
  5
2A9
330
17
100
AcDbEntity
  8
0
100
AcDbLine
 10
9.355
 20
22.321
 30
0.0
 11
8.985000000000001
 21
22.321
 31
0.0
  0
ARC
  5
2AA
330
17
100
AcDbEntity
  8
0
100
AcDbCircle
 10
8.985000000000001
 20
22.306
 30
0.0
 40
0.015000000000000001
100
AcDbArc
 50
90.0
 51
180.0
  0
LINE
  5
2AB
330
17
100
AcDbEntity
  8
0
100
AcDbLine
 10
8.97
 20
22.306
 30
0.0
 11
8.97
 21
22.257
 31
0.0
  0
ARC
  5
2AC
330
17
100
AcDbEntity
  8
0
100
AcDbCircle
 10
8.955
 20
22.257
 30
0.0
 40
0.015000000000000001
100
AcDbArc
 50
270.0
 51
0.0
  0
LINE
  5
2AD
330
17
100
AcDbEntity
  8
0
100
AcDbLine
 10
8.955
 20
22.242
 30
0.0
 11
7.885000000000001
 21
22.242
 31
0.0
  0
ARC
  5
2AE
330
17
100
AcDbEntity
  8
0
100
AcDbCircle
 10
7.885000000000001
 20
22.227
 30
0.0
 40
0.015000000000000001
100
AcDbArc
 50
90.0
 51
180.0
  0
LINE
  5
2AF
330
17
100
AcDbEntity
  8
0
100
AcDbLine
 10
11.194
 20
15.263000000000002
 30
0.0
 11
11.194
 21
12.029000000000003
 31
0.0
  0
ARC
  5
2B0
330
17
100
AcDbEntity
  8
0
100
AcDbCircle
 10
11.209000000000001
 20
12.029000000000003
 30
0.0
 40
0.015000000000000001
100
AcDbArc
 50
180.0
 51
270.0
  0
LINE
  5
2B1
330
17
100
AcDbEntity
  8
0
100
AcDbLine
 10
11.209000000000001
 20
12.014000000000003
 30
0.0
 11
11.529
 21
12.014000000000003
 31
0.0
  0
ARC
  5
2B2
330
17
100
AcDbEntity
  8
0
100
AcDbCircle
 10
11.529
 20
11.999000000000002
 30
0.0
 40
0.015000000000000001
100
AcDbArc
 50
0.0
 51
90.0
  0
LINE
  5
2B3
330
17
100
AcDbEntity
  8
0
100
AcDbLine
 10
11.544
 20
11.999000000000002
 30
0.0
 11
11.544
 21
11.950000000000003
 31
0.0
  0
ARC
  5
2B4
330
17
100
AcDbEntity
  8
0
100
AcDbCircle
 10
11.559000000000001
 20
11.950000000000003
 30
0.0
 40
0.015000000000000001
100
AcDbArc
 50
180.0
 51
270.0
  0
LINE
  5
2B5
330
17
100
AcDbEntity
  8
0
100
AcDbLine
 10
11.559000000000001
 20
11.935000000000002
 30
0.0
 11
11.929
 21
11.935000000000002
 31
0.0
  0
ARC
  5
2B6
330
17
100
AcDbEntity
  8
0
100
AcDbCircle
 10
11.929
 20
11.950000000000003
 30
0.0
 40
0.015000000000000001
100
AcDbArc
 50
270.0
 51
0.0
  0
LINE
  5
2B7
330
17
100
AcDbEntity
  8
0
100
AcDbLine
 10
11.944
 20
11.950000000000003
 30
0.0
 11
11.944
 21
11.999000000000002
 31
0.0
  0
ARC
  5
2B8
330
17
100
AcDbEntity
  8
0
100
AcDbCircle
 10
11.959000000000001
 20
11.999000000000002
 30
0.0
 40
0.015000000000000001
100
AcDbArc
 50
90.0
 51
180.0
  0
LINE
  5
2B9
330
17
100
AcDbEntity
  8
0
100
AcDbLine
 10
11.959000000000001
 20
12.014000000000003
 30
0.0
 11
12.929
 21
12.014000000000003
 31
0.0
  0
ARC
  5
2BA
330
17
100
AcDbEntity
  8
0
100
AcDbCircle
 10
12.929
 20
11.999000000000002
 30
0.0
 40
0.015000000000000001
100
AcDbArc
 50
0.0
 51
90.0
  0
LINE
  5
2BB
330
17
100
AcDbEntity
  8
0
100
AcDbLine
 10
12.944
 20
11.999000000000002
 30
0.0
 11
12.944
 21
11.950000000000003
 31
0.0
  0
ARC
  5
2BC
330
17
100
AcDbEntity
  8
0
100
AcDbCircle
 10
12.959000000000001
 20
11.950000000000003
 30
0.0
 40
0.015000000000000001
100
AcDbArc
 50
180.0
 51
270.0
  0
LINE
  5
2BD
330
17
100
AcDbEntity
  8
0
100
AcDbLine
 10
12.959000000000001
 20
11.935000000000002
 30
0.0
 11
13.329
 21
11.935000000000002
 31
0.0
  0
ARC
  5
2BE
330
17
100
AcDbEntity
  8
0
100
AcDbCircle
 10
13.329
 20
11.950000000000003
 30
0.0
 40
0.015000000000000001
100
AcDbArc
 50
270.0
 51
0.0
  0
LINE
  5
2BF
330
17
100
AcDbEntity
  8
0
100
AcDbLine
 10
13.344000000000001
 20
11.950000000000003
 30
0.0
 11
13.344000000000001
 21
11.999000000000002
 31
0.0
  0
ARC
  5
2C0
330
17
100
AcDbEntity
  8
0
100
AcDbCircle
 10
13.359000000000002
 20
11.999000000000002
 30
0.0
 40
0.015000000000000001
100
AcDbArc
 50
90.0
 51
180.0
  0
LINE
  5
2C1
330
17
100
AcDbEntity
  8
0
100
AcDbLine
 10
13.359000000000002
 20
12.014000000000003
 30
0.0
 11
14.443000000000001
 21
12.014000000000003
 31
0.0
  0
ARC
  5
2C2
330
17
100
AcDbEntity
  8
0
100
AcDbCircle
 10
14.443000000000001
 20
12.029000000000003
 30
0.0
 40
0.015000000000000001
100
AcDbArc
 50
270.0
 51
0.0
  0
LINE
  5
2C3
330
17
100
AcDbEntity
  8
0
100
AcDbLine
 10
14.458000000000002
 20
12.029000000000003
 30
0.0
 11
14.458000000000002
 21
15.263000000000002
 31
0.0
  0
ARC
  5
2C4
330
17
100
AcDbEntity
  8
0
100
AcDbCircle
 10
14.443000000000001
 20
15.263000000000002
 30
0.0
 40
0.015000000000000001
100
AcDbArc
 50
0.0
 51
90.0
  0
LINE
  5
2C5
330
17
100
AcDbEntity
  8
0
100
AcDbLine
 10
14.443000000000001
 20
15.278000000000002
 30
0.0
 11
14.109000000000002
 21
15.278000000000002
 31
0.0
  0
ARC
  5
2C6
330
17
100
AcDbEntity
  8
0
100
AcDbCircle
 10
14.109000000000002
 20
15.293000000000003
 30
0.0
 40
0.015000000000000001
100
AcDbArc
 50
180.0
 51
270.0
  0
LINE
  5
2C7
330
17
100
AcDbEntity
  8
0
100
AcDbLine
 10
14.094000000000001
 20
15.293000000000003
 30
0.0
 11
14.094000000000001
 21
15.342000000000002
 31
0.0
  0
ARC
  5
2C8
330
17
100
AcDbEntity
  8
0
100
AcDbCircle
 10
14.079
 20
15.342000000000002
 30
0.0
 40
0.015000000000000001
100
AcDbArc
 50
0.0
 51
90.0
  0
LINE
  5
2C9
330
17
100
AcDbEntity
  8
0
100
AcDbLine
 10
14.079
 20
15.357000000000003
 30
0.0
 11
13.709000000000001
 21
15.357000000000003
 31
0.0
  0
ARC
  5
2CA
330
17
100
AcDbEntity
  8
0
100
AcDbCircle
 10
13.709000000000001
 20
15.342000000000002
 30
0.0
 40
0.015000000000000001
100
AcDbArc
 50
90.0
 51
180.0
  0
LINE
  5
2CB
330
17
100
AcDbEntity
  8
0
100
AcDbLine
 10
13.694
 20
15.342000000000002
 30
0.0
 11
13.694
 21
15.293000000000003
 31
0.0
  0
ARC
  5
2CC
330
17
100
AcDbEntity
  8
0
100
AcDbCircle
 10
13.679
 20
15.293000000000003
 30
0.0
 40
0.015000000000000001
100
AcDbArc
 50
270.0
 51
0.0
  0
LINE
  5
2CD
330
17
100
AcDbEntity
  8
0
100
AcDbLine
 10
13.679
 20
15.278000000000002
 30
0.0
 11
12.709000000000001
 21
15.278000000000002
 31
0.0
  0
ARC
  5
2CE
330
17
100
AcDbEntity
  8
0
100
AcDbCircle
 10
12.709000000000001
 20
15.293000000000003
 30
0.0
 40
0.015000000000000001
100
AcDbArc
 50
180.0
 51
270.0
  0
LINE
  5
2CF
330
17
100
AcDbEntity
  8
0
100
AcDbLine
 10
12.694
 20
15.293000000000003
 30
0.0
 11
12.694
 21
15.342000000000002
 31
0.0
  0
ARC
  5
2D0
330
17
100
AcDbEntity
  8
0
100
AcDbCircle
 10
12.679
 20
15.342000000000002
 30
0.0
 40
0.015000000000000001
100
AcDbArc
 50
0.0
 51
90.0
  0
LINE
  5
2D1
330
17
100
AcDbEntity
  8
0
100
AcDbLine
 10
12.679
 20
15.357000000000003
 30
0.0
 11
12.309000000000001
 21
15.357000000000003
 31
0.0
  0
ARC
  5
2D2
330
17
100
AcDbEntity
  8
0
100
AcDbCircle
 10
12.309000000000001
 20
15.342000000000002
 30
0.0
 40
0.015000000000000001
100
AcDbArc
 50
90.0
 51
180.0
  0
LINE
  5
2D3
330
17
100
AcDbEntity
  8
0
100
AcDbLine
 10
12.294
 20
15.342000000000002
 30
0.0
 11
12.294
 21
15.293000000000003
 31
0.0
  0
ARC
  5
2D4
330
17
100
AcDbEntity
  8
0
100
AcDbCircle
 10
12.279
 20
15.293000000000003
 30
0.0
 40
0.015000000000000001
100
AcDbArc
 50
270.0
 51
0.0
  0
LINE
  5
2D5
330
17
100
AcDbEntity
  8
0
100
AcDbLine
 10
12.279
 20
15.278000000000002
 30
0.0
 11
11.209000000000001
 21
15.278000000000002
 31
0.0
  0
ARC
  5
2D6
330
17
100
AcDbEntity
  8
0
100
AcDbCircle
 10
11.209000000000001
 20
15.263000000000002
 30
0.0
 40
0.015000000000000001
100
AcDbArc
 50
90.0
 51
180.0
  0
LINE
  5
2D7
330
17
100
AcDbEntity
  8
0
100
AcDbLine
 10
11.194
 20
18.745
 30
0.0
 11
11.194
 21
15.511000000000003
 31
0.0
  0
ARC
  5
2D8
330
17
100
AcDbEntity
  8
0
100
AcDbCircle
 10
11.209000000000001
 20
15.511000000000003
 30
0.0
 40
0.015000000000000001
100
AcDbArc
 50
180.0
 51
270.0
  0
LINE
  5
2D9
330
17
100
AcDbEntity
  8
0
100
AcDbLine
 10
11.209000000000001
 20
15.496000000000002
 30
0.0
 11
11.554
 21
15.496000000000002
 31
0.0
  0
ARC
  5
2DA
330
17
100
AcDbEntity
  8
0
100
AcDbCircle
 10
11.554
 20
15.481000000000002
 30
0.0
 40
0.015000000000000001
100
AcDbArc
 50
0.0
 51
90.0
  0
LINE
  5
2DB
330
17
100
AcDbEntity
  8
0
100
AcDbLine
 10
11.569
 20
15.481000000000002
 30
0.0
 11
11.569
 21
15.432000000000002
 31
0.0
  0
ARC
  5
2DC
330
17
100
AcDbEntity
  8
0
100
AcDbCircle
 10
11.584000000000001
 20
15.432000000000002
 30
0.0
 40
0.015000000000000001
100
AcDbArc
 50
180.0
 51
270.0
  0
LINE
  5
2DD
330
17
100
AcDbEntity
  8
0
100
AcDbLine
 10
11.584000000000001
 20
15.417000000000002
 30
0.0
 11
12.054
 21
15.417000000000002
 31
0.0
  0
ARC
  5
2DE
330
17
100
AcDbEntity
  8
0
100
AcDbCircle
 10
12.054
 20
15.432000000000002
 30
0.0
 40
0.015000000000000001
100
AcDbArc
 50
270.0
 51
0.0
  0
LINE
  5
2DF
330
17
100
AcDbEntity
  8
0
100
AcDbLine
 10
12.069
 20
15.432000000000002
 30
0.0
 11
12.069
 21
15.481000000000002
 31
0.0
  0
ARC
  5
2E0
330
17
100
AcDbEntity
  8
0
100
AcDbCircle
 10
12.084000000000001
 20
15.481000000000002
 30
0.0
 40
0.015000000000000001
100
AcDbArc
 50
90.0
 51
180.0
  0
LINE
  5
2E1
330
17
100
AcDbEntity
  8
0
100
AcDbLine
 10
12.084000000000001
 20
15.496000000000002
 30
0.0
 11
13.179
 21
15.496000000000002
 31
0.0
  0
ARC
  5
2E2
330
17
100
AcDbEntity
  8
0
100
AcDbCircle
 10
13.179
 20
15.511000000000003
 30
0.0
 40
0.015000000000000001
100
AcDbArc
 50
270.0
 51
0.0
  0
LINE
  5
2E3
330
17
100
AcDbEntity
  8
0
100
AcDbLine
 10
13.194
 20
15.511000000000003
 30
0.0
 11
13.194
 21
18.745
 31
0.0
  0
ARC
  5
2E4
330
17
100
AcDbEntity
  8
0
100
AcDbCircle
 10
13.179
 20
18.745
 30
0.0
 40
0.015000000000000001
100
AcDbArc
 50
0.0
 51
90.0
  0
LINE
  5
2E5
330
17
100
AcDbEntity
  8
0
100
AcDbLine
 10
13.179
 20
18.76
 30
0.0
 11
12.834000000000001
 21
18.76
 31
0.0
  0
ARC
  5
2E6
330
17
100
AcDbEntity
  8
0
100
AcDbCircle
 10
12.834000000000001
 20
18.775000000000002
 30
0.0
 40
0.015000000000000001
100
AcDbArc
 50
180.0
 51
270.0
  0
LINE
  5
2E7
330
17
100
AcDbEntity
  8
0
100
AcDbLine
 10
12.819
 20
18.775000000000002
 30
0.0
 11
12.819
 21
18.824
 31
0.0
  0
ARC
  5
2E8
330
17
100
AcDbEntity
  8
0
100
AcDbCircle
 10
12.804
 20
18.824
 30
0.0
 40
0.015000000000000001
100
AcDbArc
 50
0.0
 51
90.0
  0
LINE
  5
2E9
330
17
100
AcDbEntity
  8
0
100
AcDbLine
 10
12.804
 20
18.839000000000002
 30
0.0
 11
12.334000000000001
 21
18.839000000000002
 31
0.0
  0
ARC
  5
2EA
330
17
100
AcDbEntity
  8
0
100
AcDbCircle
 10
12.334000000000001
 20
18.824
 30
0.0
 40
0.015000000000000001
100
AcDbArc
 50
90.0
 51
180.0
  0
LINE
  5
2EB
330
17
100
AcDbEntity
  8
0
100
AcDbLine
 10
12.319
 20
18.824
 30
0.0
 11
12.319
 21
18.775000000000002
 31
0.0
  0
ARC
  5
2EC
330
17
100
AcDbEntity
  8
0
100
AcDbCircle
 10
12.304
 20
18.775000000000002
 30
0.0
 40
0.015000000000000001
100
AcDbArc
 50
270.0
 51
0.0
  0
LINE
  5
2ED
330
17
100
AcDbEntity
  8
0
100
AcDbLine
 10
12.304
 20
18.76
 30
0.0
 11
11.209000000000001
 21
18.76
 31
0.0
  0
ARC
  5
2EE
330
17
100
AcDbEntity
  8
0
100
AcDbCircle
 10
11.209000000000001
 20
18.745
 30
0.0
 40
0.015000000000000001
100
AcDbArc
 50
90.0
 51
180.0
  0
LINE
  5
2EF
330
17
100
AcDbEntity
  8
0
100
AcDbLine
 10
11.194
 20
22.227
 30
0.0
 11
11.194
 21
18.993000000000002
 31
0.0
  0
ARC
  5
2F0
330
17
100
AcDbEntity
  8
0
100
AcDbCircle
 10
11.209000000000001
 20
18.993000000000002
 30
0.0
 40
0.015000000000000001
100
AcDbArc
 50
180.0
 51
270.0
  0
LINE
  5
2F1
330
17
100
AcDbEntity
  8
0
100
AcDbLine
 10
11.209000000000001
 20
18.978
 30
0.0
 11
11.554
 21
18.978
 31
0.0
  0
ARC
  5
2F2
330
17
100
AcDbEntity
  8
0
100
AcDbCircle
 10
11.554
 20
18.963
 30
0.0
 40
0.015000000000000001
100
AcDbArc
 50
0.0
 51
90.0
  0
LINE
  5
2F3
330
17
100
AcDbEntity
  8
0
100
AcDbLine
 10
11.569
 20
18.963
 30
0.0
 11
11.569
 21
18.914
 31
0.0
  0
ARC
  5
2F4
330
17
100
AcDbEntity
  8
0
100
AcDbCircle
 10
11.584000000000001
 20
18.914
 30
0.0
 40
0.015000000000000001
100
AcDbArc
 50
180.0
 51
270.0
  0
LINE
  5
2F5
330
17
100
AcDbEntity
  8
0
100
AcDbLine
 10
11.584000000000001
 20
18.899
 30
0.0
 11
12.054
 21
18.899
 31
0.0
  0
ARC
  5
2F6
330
17
100
AcDbEntity
  8
0
100
AcDbCircle
 10
12.054
 20
18.914
 30
0.0
 40
0.015000000000000001
100
AcDbArc
 50
270.0
 51
0.0
  0
LINE
  5
2F7
330
17
100
AcDbEntity
  8
0
100
AcDbLine
 10
12.069
 20
18.914
 30
0.0
 11
12.069
 21
18.963
 31
0.0
  0
ARC
  5
2F8
330
17
100
AcDbEntity
  8
0
100
AcDbCircle
 10
12.084000000000001
 20
18.963
 30
0.0
 40
0.015000000000000001
100
AcDbArc
 50
90.0
 51
180.0
  0
LINE
  5
2F9
330
17
100
AcDbEntity
  8
0
100
AcDbLine
 10
12.084000000000001
 20
18.978
 30
0.0
 11
13.179
 21
18.978
 31
0.0
  0
ARC
  5
2FA
330
17
100
AcDbEntity
  8
0
100
AcDbCircle
 10
13.179
 20
18.993000000000002
 30
0.0
 40
0.015000000000000001
100
AcDbArc
 50
270.0
 51
0.0
  0
LINE
  5
2FB
330
17
100
AcDbEntity
  8
0
100
AcDbLine
 10
13.194
 20
18.993000000000002
 30
0.0
 11
13.194
 21
22.227
 31
0.0
  0
ARC
  5
2FC
330
17
100
AcDbEntity
  8
0
100
AcDbCircle
 10
13.179
 20
22.227
 30
0.0
 40
0.015000000000000001
100
AcDbArc
 50
0.0
 51
90.0
  0
LINE
  5
2FD
330
17
100
AcDbEntity
  8
0
100
AcDbLine
 10
13.179
 20
22.242
 30
0.0
 11
12.834000000000001
 21
22.242
 31
0.0
  0
ARC
  5
2FE
330
17
100
AcDbEntity
  8
0
100
AcDbCircle
 10
12.834000000000001
 20
22.257
 30
0.0
 40
0.015000000000000001
100
AcDbArc
 50
180.0
 51
270.0
  0
LINE
  5
2FF
330
17
100
AcDbEntity
  8
0
100
AcDbLine
 10
12.819
 20
22.257
 30
0.0
 11
12.819
 21
22.306
 31
0.0
  0
ARC
  5
300
330
17
100
AcDbEntity
  8
0
100
AcDbCircle
 10
12.804
 20
22.306
 30
0.0
 40
0.015000000000000001
100
AcDbArc
 50
0.0
 51
90.0
  0
LINE
  5
301
330
17
100
AcDbEntity
  8
0
100
AcDbLine
 10
12.804
 20
22.321
 30
0.0
 11
12.334000000000001
 21
22.321
 31
0.0
  0
ARC
  5
302
330
17
100
AcDbEntity
  8
0
100
AcDbCircle
 10
12.334000000000001
 20
22.306
 30
0.0
 40
0.015000000000000001
100
AcDbArc
 50
90.0
 51
180.0
  0
LINE
  5
303
330
17
100
AcDbEntity
  8
0
100
AcDbLine
 10
12.319
 20
22.306
 30
0.0
 11
12.319
 21
22.257
 31
0.0
  0
ARC
  5
304
330
17
100
AcDbEntity
  8
0
100
AcDbCircle
 10
12.304
 20
22.257
 30
0.0
 40
0.015000000000000001
100
AcDbArc
 50
270.0
 51
0.0
  0
LINE
  5
305
330
17
100
AcDbEntity
  8
0
100
AcDbLine
 10
12.304
 20
22.242
 30
0.0
 11
11.209000000000001
 21
22.242
 31
0.0
  0
ARC
  5
306
330
17
100
AcDbEntity
  8
0
100
AcDbCircle
 10
11.209000000000001
 20
22.227
 30
0.0
 40
0.015000000000000001
100
AcDbArc
 50
90.0
 51
180.0
  0
LINE
  5
307
330
17
100
AcDbEntity
  8
0
100
AcDbLine
 10
13.254000000000001
 20
18.745
 30
0.0
 11
13.254000000000001
 21
15.511000000000003
 31
0.0
  0
ARC
  5
308
330
17
100
AcDbEntity
  8
0
100
AcDbCircle
 10
13.269000000000002
 20
15.511000000000003
 30
0.0
 40
0.015000000000000001
100
AcDbArc
 50
180.0
 51
270.0
  0
LINE
  5
309
330
17
100
AcDbEntity
  8
0
100
AcDbLine
 10
13.269000000000002
 20
15.496000000000002
 30
0.0
 11
13.614
 21
15.496000000000002
 31
0.0
  0
ARC
  5
30A
330
17
100
AcDbEntity
  8
0
100
AcDbCircle
 10
13.614
 20
15.481000000000002
 30
0.0
 40
0.015000000000000001
100
AcDbArc
 50
0.0
 51
90.0
  0
LINE
  5
30B
330
17
100
AcDbEntity
  8
0
100
AcDbLine
 10
13.629000000000001
 20
15.481000000000002
 30
0.0
 11
13.629000000000001
 21
15.432000000000002
 31
0.0
  0
ARC
  5
30C
330
17
100
AcDbEntity
  8
0
100
AcDbCircle
 10
13.644000000000002
 20
15.432000000000002
 30
0.0
 40
0.015000000000000001
100
AcDbArc
 50
180.0
 51
270.0
  0
LINE
  5
30D
330
17
100
AcDbEntity
  8
0
100
AcDbLine
 10
13.644000000000002
 20
15.417000000000002
 30
0.0
 11
14.114
 21
15.417000000000002
 31
0.0
  0
ARC
  5
30E
330
17
100
AcDbEntity
  8
0
100
AcDbCircle
 10
14.114
 20
15.432000000000002
 30
0.0
 40
0.015000000000000001
100
AcDbArc
 50
270.0
 51
0.0
  0
LINE
  5
30F
330
17
100
AcDbEntity
  8
0
100
AcDbLine
 10
14.129000000000001
 20
15.432000000000002
 30
0.0
 11
14.129000000000001
 21
15.481000000000002
 31
0.0
  0
ARC
  5
310
330
17
100
AcDbEntity
  8
0
100
AcDbCircle
 10
14.144000000000002
 20
15.481000000000002
 30
0.0
 40
0.015000000000000001
100
AcDbArc
 50
90.0
 51
180.0
  0
LINE
  5
311
330
17
100
AcDbEntity
  8
0
100
AcDbLine
 10
14.144000000000002
 20
15.496000000000002
 30
0.0
 11
15.239
 21
15.496000000000002
 31
0.0
  0
ARC
  5
312
330
17
100
AcDbEntity
  8
0
100
AcDbCircle
 10
15.239
 20
15.511000000000003
 30
0.0
 40
0.015000000000000001
100
AcDbArc
 50
270.0
 51
0.0
  0
LINE
  5
313
330
17
100
AcDbEntity
  8
0
100
AcDbLine
 10
15.254000000000001
 20
15.511000000000003
 30
0.0
 11
15.254000000000001
 21
18.745
 31
0.0
  0
ARC
  5
314
330
17
100
AcDbEntity
  8
0
100
AcDbCircle
 10
15.239
 20
18.745
 30
0.0
 40
0.015000000000000001
100
AcDbArc
 50
0.0
 51
90.0
  0
LINE
  5
315
330
17
100
AcDbEntity
  8
0
100
AcDbLine
 10
15.239
 20
18.76
 30
0.0
 11
14.894000000000002
 21
18.76
 31
0.0
  0
ARC
  5
316
330
17
100
AcDbEntity
  8
0
100
AcDbCircle
 10
14.894000000000002
 20
18.775000000000002
 30
0.0
 40
0.015000000000000001
100
AcDbArc
 50
180.0
 51
270.0
  0
LINE
  5
317
330
17
100
AcDbEntity
  8
0
100
AcDbLine
 10
14.879000000000001
 20
18.775000000000002
 30
0.0
 11
14.879000000000001
 21
18.824
 31
0.0
  0
ARC
  5
318
330
17
100
AcDbEntity
  8
0
100
AcDbCircle
 10
14.864
 20
18.824
 30
0.0
 40
0.015000000000000001
100
AcDbArc
 50
0.0
 51
90.0
  0
LINE
  5
319
330
17
100
AcDbEntity
  8
0
100
AcDbLine
 10
14.864
 20
18.839000000000002
 30
0.0
 11
14.394000000000002
 21
18.839000000000002
 31
0.0
  0
ARC
  5
31A
330
17
100
AcDbEntity
  8
0
100
AcDbCircle
 10
14.394000000000002
 20
18.824
 30
0.0
 40
0.015000000000000001
100
AcDbArc
 50
90.0
 51
180.0
  0
LINE
  5
31B
330
17
100
AcDbEntity
  8
0
100
AcDbLine
 10
14.379000000000001
 20
18.824
 30
0.0
 11
14.379000000000001
 21
18.775000000000002
 31
0.0
  0
ARC
  5
31C
330
17
100
AcDbEntity
  8
0
100
AcDbCircle
 10
14.364
 20
18.775000000000002
 30
0.0
 40
0.015000000000000001
100
AcDbArc
 50
270.0
 51
0.0
  0
LINE
  5
31D
330
17
100
AcDbEntity
  8
0
100
AcDbLine
 10
14.364
 20
18.76
 30
0.0
 11
13.269000000000002
 21
18.76
 31
0.0
  0
ARC
  5
31E
330
17
100
AcDbEntity
  8
0
100
AcDbCircle
 10
13.269000000000002
 20
18.745
 30
0.0
 40
0.015000000000000001
100
AcDbArc
 50
90.0
 51
180.0
  0
LINE
  5
31F
330
17
100
AcDbEntity
  8
0
100
AcDbLine
 10
13.254000000000001
 20
22.227
 30
0.0
 11
13.254000000000001
 21
18.993000000000002
 31
0.0
  0
ARC
  5
320
330
17
100
AcDbEntity
  8
0
100
AcDbCircle
 10
13.269000000000002
 20
18.993000000000002
 30
0.0
 40
0.015000000000000001
100
AcDbArc
 50
180.0
 51
270.0
  0
LINE
  5
321
330
17
100
AcDbEntity
  8
0
100
AcDbLine
 10
13.269000000000002
 20
18.978
 30
0.0
 11
13.614
 21
18.978
 31
0.0
  0
ARC
  5
322
330
17
100
AcDbEntity
  8
0
100
AcDbCircle
 10
13.614
 20
18.963
 30
0.0
 40
0.015000000000000001
100
AcDbArc
 50
0.0
 51
90.0
  0
LINE
  5
323
330
17
100
AcDbEntity
  8
0
100
AcDbLine
 10
13.629000000000001
 20
18.963
 30
0.0
 11
13.629000000000001
 21
18.914
 31
0.0
  0
ARC
  5
324
330
17
100
AcDbEntity
  8
0
100
AcDbCircle
 10
13.644000000000002
 20
18.914
 30
0.0
 40
0.015000000000000001
100
AcDbArc
 50
180.0
 51
270.0
  0
LINE
  5
325
330
17
100
AcDbEntity
  8
0
100
AcDbLine
 10
13.644000000000002
 20
18.899
 30
0.0
 11
14.114
 21
18.899
 31
0.0
  0
ARC
  5
326
330
17
100
AcDbEntity
  8
0
100
AcDbCircle
 10
14.114
 20
18.914
 30
0.0
 40
0.015000000000000001
100
AcDbArc
 50
270.0
 51
0.0
  0
LINE
  5
327
330
17
100
AcDbEntity
  8
0
100
AcDbLine
 10
14.129000000000001
 20
18.914
 30
0.0
 11
14.129000000000001
 21
18.963
 31
0.0
  0
ARC
  5
328
330
17
100
AcDbEntity
  8
0
100
AcDbCircle
 10
14.144000000000002
 20
18.963
 30
0.0
 40
0.015000000000000001
100
AcDbArc
 50
90.0
 51
180.0
  0
LINE
  5
329
330
17
100
AcDbEntity
  8
0
100
AcDbLine
 10
14.144000000000002
 20
18.978
 30
0.0
 11
15.239
 21
18.978
 31
0.0
  0
ARC
  5
32A
330
17
100
AcDbEntity
  8
0
100
AcDbCircle
 10
15.239
 20
18.993000000000002
 30
0.0
 40
0.015000000000000001
100
AcDbArc
 50
270.0
 51
0.0
  0
LINE
  5
32B
330
17
100
AcDbEntity
  8
0
100
AcDbLine
 10
15.254000000000001
 20
18.993000000000002
 30
0.0
 11
15.254000000000001
 21
22.227
 31
0.0
  0
ARC
  5
32C
330
17
100
AcDbEntity
  8
0
100
AcDbCircle
 10
15.239
 20
22.227
 30
0.0
 40
0.015000000000000001
100
AcDbArc
 50
0.0
 51
90.0
  0
LINE
  5
32D
330
17
100
AcDbEntity
  8
0
100
AcDbLine
 10
15.239
 20
22.242
 30
0.0
 11
14.894000000000002
 21
22.242
 31
0.0
  0
ARC
  5
32E
330
17
100
AcDbEntity
  8
0
100
AcDbCircle
 10
14.894000000000002
 20
22.257
 30
0.0
 40
0.015000000000000001
100
AcDbArc
 50
180.0
 51
270.0
  0
LINE
  5
32F
330
17
100
AcDbEntity
  8
0
100
AcDbLine
 10
14.879000000000001
 20
22.257
 30
0.0
 11
14.879000000000001
 21
22.306
 31
0.0
  0
ARC
  5
330
330
17
100
AcDbEntity
  8
0
100
AcDbCircle
 10
14.864
 20
22.306
 30
0.0
 40
0.015000000000000001
100
AcDbArc
 50
0.0
 51
90.0
  0
LINE
  5
331
330
17
100
AcDbEntity
  8
0
100
AcDbLine
 10
14.864
 20
22.321
 30
0.0
 11
14.394000000000002
 21
22.321
 31
0.0
  0
ARC
  5
332
330
17
100
AcDbEntity
  8
0
100
AcDbCircle
 10
14.394000000000002
 20
22.306
 30
0.0
 40
0.015000000000000001
100
AcDbArc
 50
90.0
 51
180.0
  0
LINE
  5
333
330
17
100
AcDbEntity
  8
0
100
AcDbLine
 10
14.379000000000001
 20
22.306
 30
0.0
 11
14.379000000000001
 21
22.257
 31
0.0
  0
ARC
  5
334
330
17
100
AcDbEntity
  8
0
100
AcDbCircle
 10
14.364
 20
22.257
 30
0.0
 40
0.015000000000000001
100
AcDbArc
 50
270.0
 51
0.0
  0
LINE
  5
335
330
17
100
AcDbEntity
  8
0
100
AcDbLine
 10
14.364
 20
22.242
 30
0.0
 11
13.269000000000002
 21
22.242
 31
0.0
  0
ARC
  5
336
330
17
100
AcDbEntity
  8
0
100
AcDbCircle
 10
13.269000000000002
 20
22.227
 30
0.0
 40
0.015000000000000001
100
AcDbArc
 50
90.0
 51
180.0
  0
LINE
  5
337
330
17
100
AcDbEntity
  8
0
100
AcDbLine
 10
11.680000000000001
 20
3.5780000000000003
 30
0.0
 11
11.680000000000001
 21
0.34400000000000003
 31
0.0
  0
ARC
  5
338
330
17
100
AcDbEntity
  8
0
100
AcDbCircle
 10
11.695000000000002
 20
0.34400000000000003
 30
0.0
 40
0.015000000000000001
100
AcDbArc
 50
180.0
 51
270.0
  0
LINE
  5
339
330
17
100
AcDbEntity
  8
0
100
AcDbLine
 10
11.695000000000002
 20
0.329
 30
0.0
 11
12.040000000000001
 21
0.329
 31
0.0
  0
ARC
  5
33A
330
17
100
AcDbEntity
  8
0
100
AcDbCircle
 10
12.040000000000001
 20
0.314
 30
0.0
 40
0.015000000000000001
100
AcDbArc
 50
0.0
 51
90.0
  0
LINE
  5
33B
330
17
100
AcDbEntity
  8
0
100
AcDbLine
 10
12.055000000000001
 20
0.314
 30
0.0
 11
12.055000000000001
 21
0.265
 31
0.0
  0
ARC
  5
33C
330
17
100
AcDbEntity
  8
0
100
AcDbCircle
 10
12.070000000000002
 20
0.265
 30
0.0
 40
0.015000000000000001
100
AcDbArc
 50
180.0
 51
270.0
  0
LINE
  5
33D
330
17
100
AcDbEntity
  8
0
100
AcDbLine
 10
12.070000000000002
 20
0.25
 30
0.0
 11
12.540000000000001
 21
0.25
 31
0.0
  0
ARC
  5
33E
330
17
100
AcDbEntity
  8
0
100
AcDbCircle
 10
12.540000000000001
 20
0.265
 30
0.0
 40
0.015000000000000001
100
AcDbArc
 50
270.0
 51
0.0
  0
LINE
  5
33F
330
17
100
AcDbEntity
  8
0
100
AcDbLine
 10
12.555000000000001
 20
0.265
 30
0.0
 11
12.555000000000001
 21
0.314
 31
0.0
  0
ARC
  5
340
330
17
100
AcDbEntity
  8
0
100
AcDbCircle
 10
12.570000000000002
 20
0.314
 30
0.0
 40
0.015000000000000001
100
AcDbArc
 50
90.0
 51
180.0
  0
LINE
  5
341
330
17
100
AcDbEntity
  8
0
100
AcDbLine
 10
12.570000000000002
 20
0.329
 30
0.0
 11
13.665000000000001
 21
0.329
 31
0.0
  0
ARC
  5
342
330
17
100
AcDbEntity
  8
0
100
AcDbCircle
 10
13.665000000000001
 20
0.34400000000000003
 30
0.0
 40
0.015000000000000001
100
AcDbArc
 50
270.0
 51
0.0
  0
LINE
  5
343
330
17
100
AcDbEntity
  8
0
100
AcDbLine
 10
13.680000000000001
 20
0.34400000000000003
 30
0.0
 11
13.680000000000001
 21
3.5780000000000003
 31
0.0
  0
ARC
  5
344
330
17
100
AcDbEntity
  8
0
100
AcDbCircle
 10
13.665000000000001
 20
3.5780000000000003
 30
0.0
 40
0.015000000000000001
100
AcDbArc
 50
0.0
 51
90.0
  0
LINE
  5
345
330
17
100
AcDbEntity
  8
0
100
AcDbLine
 10
13.665000000000001
 20
3.5930000000000004
 30
0.0
 11
13.320000000000002
 21
3.5930000000000004
 31
0.0
  0
ARC
  5
346
330
17
100
AcDbEntity
  8
0
100
AcDbCircle
 10
13.320000000000002
 20
3.6080000000000005
 30
0.0
 40
0.015000000000000001
100
AcDbArc
 50
180.0
 51
270.0
  0
LINE
  5
347
330
17
100
AcDbEntity
  8
0
100
AcDbLine
 10
13.305000000000001
 20
3.6080000000000005
 30
0.0
 11
13.305000000000001
 21
3.657
 31
0.0
  0
ARC
  5
348
330
17
100
AcDbEntity
  8
0
100
AcDbCircle
 10
13.290000000000001
 20
3.657
 30
0.0
 40
0.015000000000000001
100
AcDbArc
 50
0.0
 51
90.0
  0
LINE
  5
349
330
17
100
AcDbEntity
  8
0
100
AcDbLine
 10
13.290000000000001
 20
3.672
 30
0.0
 11
12.820000000000002
 21
3.672
 31
0.0
  0
ARC
  5
34A
330
17
100
AcDbEntity
  8
0
100
AcDbCircle
 10
12.820000000000002
 20
3.657
 30
0.0
 40
0.015000000000000001
100
AcDbArc
 50
90.0
 51
180.0
  0
LINE
  5
34B
330
17
100
AcDbEntity
  8
0
100
AcDbLine
 10
12.805000000000001
 20
3.657
 30
0.0
 11
12.805000000000001
 21
3.6080000000000005
 31
0.0
  0
ARC
  5
34C
330
17
100
AcDbEntity
  8
0
100
AcDbCircle
 10
12.790000000000001
 20
3.6080000000000005
 30
0.0
 40
0.015000000000000001
100
AcDbArc
 50
270.0
 51
0.0
  0
LINE
  5
34D
330
17
100
AcDbEntity
  8
0
100
AcDbLine
 10
12.790000000000001
 20
3.5930000000000004
 30
0.0
 11
11.695000000000002
 21
3.5930000000000004
 31
0.0
  0
ARC
  5
34E
330
17
100
AcDbEntity
  8
0
100
AcDbCircle
 10
11.695000000000002
 20
3.5780000000000003
 30
0.0
 40
0.015000000000000001
100
AcDbArc
 50
90.0
 51
180.0
  0
LINE
  5
34F
330
17
100
AcDbEntity
  8
0
100
AcDbLine
 10
11.680000000000001
 20
7.060000000000001
 30
0.0
 11
11.680000000000001
 21
3.8260000000000005
 31
0.0
  0
ARC
  5
350
330
17
100
AcDbEntity
  8
0
100
AcDbCircle
 10
11.695000000000002
 20
3.8260000000000005
 30
0.0
 40
0.015000000000000001
100
AcDbArc
 50
180.0
 51
270.0
  0
LINE
  5
351
330
17
100
AcDbEntity
  8
0
100
AcDbLine
 10
11.695000000000002
 20
3.8110000000000004
 30
0.0
 11
12.040000000000001
 21
3.8110000000000004
 31
0.0
  0
ARC
  5
352
330
17
100
AcDbEntity
  8
0
100
AcDbCircle
 10
12.040000000000001
 20
3.7960000000000003
 30
0.0
 40
0.015000000000000001
100
AcDbArc
 50
0.0
 51
90.0
  0
LINE
  5
353
330
17
100
AcDbEntity
  8
0
100
AcDbLine
 10
12.055000000000001
 20
3.7960000000000003
 30
0.0
 11
12.055000000000001
 21
3.7470000000000003
 31
0.0
  0
ARC
  5
354
330
17
100
AcDbEntity
  8
0
100
AcDbCircle
 10
12.070000000000002
 20
3.7470000000000003
 30
0.0
 40
0.015000000000000001
100
AcDbArc
 50
180.0
 51
270.0
  0
LINE
  5
355
330
17
100
AcDbEntity
  8
0
100
AcDbLine
 10
12.070000000000002
 20
3.732
 30
0.0
 11
12.540000000000001
 21
3.732
 31
0.0
  0
ARC
  5
356
330
17
100
AcDbEntity
  8
0
100
AcDbCircle
 10
12.540000000000001
 20
3.7470000000000003
 30
0.0
 40
0.015000000000000001
100
AcDbArc
 50
270.0
 51
0.0
  0
LINE
  5
357
330
17
100
AcDbEntity
  8
0
100
AcDbLine
 10
12.555000000000001
 20
3.7470000000000003
 30
0.0
 11
12.555000000000001
 21
3.7960000000000003
 31
0.0
  0
ARC
  5
358
330
17
100
AcDbEntity
  8
0
100
AcDbCircle
 10
12.570000000000002
 20
3.7960000000000003
 30
0.0
 40
0.015000000000000001
100
AcDbArc
 50
90.0
 51
180.0
  0
LINE
  5
359
330
17
100
AcDbEntity
  8
0
100
AcDbLine
 10
12.570000000000002
 20
3.8110000000000004
 30
0.0
 11
13.665000000000001
 21
3.8110000000000004
 31
0.0
  0
ARC
  5
35A
330
17
100
AcDbEntity
  8
0
100
AcDbCircle
 10
13.665000000000001
 20
3.8260000000000005
 30
0.0
 40
0.015000000000000001
100
AcDbArc
 50
270.0
 51
0.0
  0
LINE
  5
35B
330
17
100
AcDbEntity
  8
0
100
AcDbLine
 10
13.680000000000001
 20
3.8260000000000005
 30
0.0
 11
13.680000000000001
 21
7.060000000000001
 31
0.0
  0
ARC
  5
35C
330
17
100
AcDbEntity
  8
0
100
AcDbCircle
 10
13.665000000000001
 20
7.060000000000001
 30
0.0
 40
0.015000000000000001
100
AcDbArc
 50
0.0
 51
90.0
  0
LINE
  5
35D
330
17
100
AcDbEntity
  8
0
100
AcDbLine
 10
13.665000000000001
 20
7.075000000000001
 30
0.0
 11
13.320000000000002
 21
7.075000000000001
 31
0.0
  0
ARC
  5
35E
330
17
100
AcDbEntity
  8
0
100
AcDbCircle
 10
13.320000000000002
 20
7.090000000000001
 30
0.0
 40
0.015000000000000001
100
AcDbArc
 50
180.0
 51
270.0
  0
LINE
  5
35F
330
17
100
AcDbEntity
  8
0
100
AcDbLine
 10
13.305000000000001
 20
7.090000000000001
 30
0.0
 11
13.305000000000001
 21
7.139
 31
0.0
  0
ARC
  5
360
330
17
100
AcDbEntity
  8
0
100
AcDbCircle
 10
13.290000000000001
 20
7.139
 30
0.0
 40
0.015000000000000001
100
AcDbArc
 50
0.0
 51
90.0
  0
LINE
  5
361
330
17
100
AcDbEntity
  8
0
100
AcDbLine
 10
13.290000000000001
 20
7.154
 30
0.0
 11
12.820000000000002
 21
7.154
 31
0.0
  0
ARC
  5
362
330
17
100
AcDbEntity
  8
0
100
AcDbCircle
 10
12.820000000000002
 20
7.139
 30
0.0
 40
0.015000000000000001
100
AcDbArc
 50
90.0
 51
180.0
  0
LINE
  5
363
330
17
100
AcDbEntity
  8
0
100
AcDbLine
 10
12.805000000000001
 20
7.139
 30
0.0
 11
12.805000000000001
 21
7.090000000000001
 31
0.0
  0
ARC
  5
364
330
17
100
AcDbEntity
  8
0
100
AcDbCircle
 10
12.790000000000001
 20
7.090000000000001
 30
0.0
 40
0.015000000000000001
100
AcDbArc
 50
270.0
 51
0.0
  0
LINE
  5
365
330
17
100
AcDbEntity
  8
0
100
AcDbLine
 10
12.790000000000001
 20
7.075000000000001
 30
0.0
 11
11.695000000000002
 21
7.075000000000001
 31
0.0
  0
ARC
  5
366
330
17
100
AcDbEntity
  8
0
100
AcDbCircle
 10
11.695000000000002
 20
7.060000000000001
 30
0.0
 40
0.015000000000000001
100
AcDbArc
 50
90.0
 51
180.0
  0
LINE
  5
367
330
17
100
AcDbEntity
  8
0
100
AcDbLine
 10
11.680000000000001
 20
10.542
 30
0.0
 11
11.680000000000001
 21
7.308
 31
0.0
  0
ARC
  5
368
330
17
100
AcDbEntity
  8
0
100
AcDbCircle
 10
11.695000000000002
 20
7.308
 30
0.0
 40
0.015000000000000001
100
AcDbArc
 50
180.0
 51
270.0
  0
LINE
  5
369
330
17
100
AcDbEntity
  8
0
100
AcDbLine
 10
11.695000000000002
 20
7.293
 30
0.0
 11
12.040000000000001
 21
7.293
 31
0.0
  0
ARC
  5
36A
330
17
100
AcDbEntity
  8
0
100
AcDbCircle
 10
12.040000000000001
 20
7.2780000000000005
 30
0.0
 40
0.015000000000000001
100
AcDbArc
 50
0.0
 51
90.0
  0
LINE
  5
36B
330
17
100
AcDbEntity
  8
0
100
AcDbLine
 10
12.055000000000001
 20
7.2780000000000005
 30
0.0
 11
12.055000000000001
 21
7.229
 31
0.0
  0
ARC
  5
36C
330
17
100
AcDbEntity
  8
0
100
AcDbCircle
 10
12.070000000000002
 20
7.229
 30
0.0
 40
0.015000000000000001
100
AcDbArc
 50
180.0
 51
270.0
  0
LINE
  5
36D
330
17
100
AcDbEntity
  8
0
100
AcDbLine
 10
12.070000000000002
 20
7.214
 30
0.0
 11
12.540000000000001
 21
7.214
 31
0.0
  0
ARC
  5
36E
330
17
100
AcDbEntity
  8
0
100
AcDbCircle
 10
12.540000000000001
 20
7.229
 30
0.0
 40
0.015000000000000001
100
AcDbArc
 50
270.0
 51
0.0
  0
LINE
  5
36F
330
17
100
AcDbEntity
  8
0
100
AcDbLine
 10
12.555000000000001
 20
7.229
 30
0.0
 11
12.555000000000001
 21
7.2780000000000005
 31
0.0
  0
ARC
  5
370
330
17
100
AcDbEntity
  8
0
100
AcDbCircle
 10
12.570000000000002
 20
7.2780000000000005
 30
0.0
 40
0.015000000000000001
100
AcDbArc
 50
90.0
 51
180.0
  0
LINE
  5
371
330
17
100
AcDbEntity
  8
0
100
AcDbLine
 10
12.570000000000002
 20
7.293
 30
0.0
 11
13.665000000000001
 21
7.293
 31
0.0
  0
ARC
  5
372
330
17
100
AcDbEntity
  8
0
100
AcDbCircle
 10
13.665000000000001
 20
7.308
 30
0.0
 40
0.015000000000000001
100
AcDbArc
 50
270.0
 51
0.0
  0
LINE
  5
373
330
17
100
AcDbEntity
  8
0
100
AcDbLine
 10
13.680000000000001
 20
7.308
 30
0.0
 11
13.680000000000001
 21
10.542
 31
0.0
  0
ARC
  5
374
330
17
100
AcDbEntity
  8
0
100
AcDbCircle
 10
13.665000000000001
 20
10.542
 30
0.0
 40
0.015000000000000001
100
AcDbArc
 50
0.0
 51
90.0
  0
LINE
  5
375
330
17
100
AcDbEntity
  8
0
100
AcDbLine
 10
13.665000000000001
 20
10.557
 30
0.0
 11
13.320000000000002
 21
10.557
 31
0.0
  0
ARC
  5
376
330
17
100
AcDbEntity
  8
0
100
AcDbCircle
 10
13.320000000000002
 20
10.572000000000001
 30
0.0
 40
0.015000000000000001
100
AcDbArc
 50
180.0
 51
270.0
  0
LINE
  5
377
330
17
100
AcDbEntity
  8
0
100
AcDbLine
 10
13.305000000000001
 20
10.572000000000001
 30
0.0
 11
13.305000000000001
 21
10.621
 31
0.0
  0
ARC
  5
378
330
17
100
AcDbEntity
  8
0
100
AcDbCircle
 10
13.290000000000001
 20
10.621
 30
0.0
 40
0.015000000000000001
100
AcDbArc
 50
0.0
 51
90.0
  0
LINE
  5
379
330
17
100
AcDbEntity
  8
0
100
AcDbLine
 10
13.290000000000001
 20
10.636000000000001
 30
0.0
 11
12.820000000000002
 21
10.636000000000001
 31
0.0
  0
ARC
  5
37A
330
17
100
AcDbEntity
  8
0
100
AcDbCircle
 10
12.820000000000002
 20
10.621
 30
0.0
 40
0.015000000000000001
100
AcDbArc
 50
90.0
 51
180.0
  0
LINE
  5
37B
330
17
100
AcDbEntity
  8
0
100
AcDbLine
 10
12.805000000000001
 20
10.621
 30
0.0
 11
12.805000000000001
 21
10.572000000000001
 31
0.0
  0
ARC
  5
37C
330
17
100
AcDbEntity
  8
0
100
AcDbCircle
 10
12.790000000000001
 20
10.572000000000001
 30
0.0
 40
0.015000000000000001
100
AcDbArc
 50
270.0
 51
0.0
  0
LINE
  5
37D
330
17
100
AcDbEntity
  8
0
100
AcDbLine
 10
12.790000000000001
 20
10.557
 30
0.0
 11
11.695000000000002
 21
10.557
 31
0.0
  0
ARC
  5
37E
330
17
100
AcDbEntity
  8
0
100
AcDbCircle
 10
11.695000000000002
 20
10.542
 30
0.0
 40
0.015000000000000001
100
AcDbArc
 50
90.0
 51
180.0
  0
LINE
  5
37F
330
17
100
AcDbEntity
  8
0
100
AcDbLine
 10
13.740000000000002
 20
3.5780000000000003
 30
0.0
 11
13.740000000000002
 21
0.34400000000000003
 31
0.0
  0
ARC
  5
380
330
17
100
AcDbEntity
  8
0
100
AcDbCircle
 10
13.755000000000003
 20
0.34400000000000003
 30
0.0
 40
0.015000000000000001
100
AcDbArc
 50
180.0
 51
270.0
  0
LINE
  5
381
330
17
100
AcDbEntity
  8
0
100
AcDbLine
 10
13.755000000000003
 20
0.329
 30
0.0
 11
14.100000000000001
 21
0.329
 31
0.0
  0
ARC
  5
382
330
17
100
AcDbEntity
  8
0
100
AcDbCircle
 10
14.100000000000001
 20
0.314
 30
0.0
 40
0.015000000000000001
100
AcDbArc
 50
0.0
 51
90.0
  0
LINE
  5
383
330
17
100
AcDbEntity
  8
0
100
AcDbLine
 10
14.115000000000002
 20
0.314
 30
0.0
 11
14.115000000000002
 21
0.265
 31
0.0
  0
ARC
  5
384
330
17
100
AcDbEntity
  8
0
100
AcDbCircle
 10
14.130000000000003
 20
0.265
 30
0.0
 40
0.015000000000000001
100
AcDbArc
 50
180.0
 51
270.0
  0
LINE
  5
385
330
17
100
AcDbEntity
  8
0
100
AcDbLine
 10
14.130000000000003
 20
0.25
 30
0.0
 11
14.600000000000001
 21
0.25
 31
0.0
  0
ARC
  5
386
330
17
100
AcDbEntity
  8
0
100
AcDbCircle
 10
14.600000000000001
 20
0.265
 30
0.0
 40
0.015000000000000001
100
AcDbArc
 50
270.0
 51
0.0
  0
LINE
  5
387
330
17
100
AcDbEntity
  8
0
100
AcDbLine
 10
14.615000000000002
 20
0.265
 30
0.0
 11
14.615000000000002
 21
0.314
 31
0.0
  0
ARC
  5
388
330
17
100
AcDbEntity
  8
0
100
AcDbCircle
 10
14.630000000000003
 20
0.314
 30
0.0
 40
0.015000000000000001
100
AcDbArc
 50
90.0
 51
180.0
  0
LINE
  5
389
330
17
100
AcDbEntity
  8
0
100
AcDbLine
 10
14.630000000000003
 20
0.329
 30
0.0
 11
15.725000000000001
 21
0.329
 31
0.0
  0
ARC
  5
38A
330
17
100
AcDbEntity
  8
0
100
AcDbCircle
 10
15.725000000000001
 20
0.34400000000000003
 30
0.0
 40
0.015000000000000001
100
AcDbArc
 50
270.0
 51
0.0
  0
LINE
  5
38B
330
17
100
AcDbEntity
  8
0
100
AcDbLine
 10
15.740000000000002
 20
0.34400000000000003
 30
0.0
 11
15.740000000000002
 21
3.5780000000000003
 31
0.0
  0
ARC
  5
38C
330
17
100
AcDbEntity
  8
0
100
AcDbCircle
 10
15.725000000000001
 20
3.5780000000000003
 30
0.0
 40
0.015000000000000001
100
AcDbArc
 50
0.0
 51
90.0
  0
LINE
  5
38D
330
17
100
AcDbEntity
  8
0
100
AcDbLine
 10
15.725000000000001
 20
3.5930000000000004
 30
0.0
 11
15.380000000000003
 21
3.5930000000000004
 31
0.0
  0
ARC
  5
38E
330
17
100
AcDbEntity
  8
0
100
AcDbCircle
 10
15.380000000000003
 20
3.6080000000000005
 30
0.0
 40
0.015000000000000001
100
AcDbArc
 50
180.0
 51
270.0
  0
LINE
  5
38F
330
17
100
AcDbEntity
  8
0
100
AcDbLine
 10
15.365000000000002
 20
3.6080000000000005
 30
0.0
 11
15.365000000000002
 21
3.657
 31
0.0
  0
ARC
  5
390
330
17
100
AcDbEntity
  8
0
100
AcDbCircle
 10
15.350000000000001
 20
3.657
 30
0.0
 40
0.015000000000000001
100
AcDbArc
 50
0.0
 51
90.0
  0
LINE
  5
391
330
17
100
AcDbEntity
  8
0
100
AcDbLine
 10
15.350000000000001
 20
3.672
 30
0.0
 11
14.880000000000003
 21
3.672
 31
0.0
  0
ARC
  5
392
330
17
100
AcDbEntity
  8
0
100
AcDbCircle
 10
14.880000000000003
 20
3.657
 30
0.0
 40
0.015000000000000001
100
AcDbArc
 50
90.0
 51
180.0
  0
LINE
  5
393
330
17
100
AcDbEntity
  8
0
100
AcDbLine
 10
14.865000000000002
 20
3.657
 30
0.0
 11
14.865000000000002
 21
3.6080000000000005
 31
0.0
  0
ARC
  5
394
330
17
100
AcDbEntity
  8
0
100
AcDbCircle
 10
14.850000000000001
 20
3.6080000000000005
 30
0.0
 40
0.015000000000000001
100
AcDbArc
 50
270.0
 51
0.0
  0
LINE
  5
395
330
17
100
AcDbEntity
  8
0
100
AcDbLine
 10
14.850000000000001
 20
3.5930000000000004
 30
0.0
 11
13.755000000000003
 21
3.5930000000000004
 31
0.0
  0
ARC
  5
396
330
17
100
AcDbEntity
  8
0
100
AcDbCircle
 10
13.755000000000003
 20
3.5780000000000003
 30
0.0
 40
0.015000000000000001
100
AcDbArc
 50
90.0
 51
180.0
  0
LINE
  5
397
330
17
100
AcDbEntity
  8
0
100
AcDbLine
 10
13.740000000000002
 20
7.060000000000001
 30
0.0
 11
13.740000000000002
 21
3.8260000000000005
 31
0.0
  0
ARC
  5
398
330
17
100
AcDbEntity
  8
0
100
AcDbCircle
 10
13.755000000000003
 20
3.8260000000000005
 30
0.0
 40
0.015000000000000001
100
AcDbArc
 50
180.0
 51
270.0
  0
LINE
  5
399
330
17
100
AcDbEntity
  8
0
100
AcDbLine
 10
13.755000000000003
 20
3.8110000000000004
 30
0.0
 11
14.100000000000001
 21
3.8110000000000004
 31
0.0
  0
ARC
  5
39A
330
17
100
AcDbEntity
  8
0
100
AcDbCircle
 10
14.100000000000001
 20
3.7960000000000003
 30
0.0
 40
0.015000000000000001
100
AcDbArc
 50
0.0
 51
90.0
  0
LINE
  5
39B
330
17
100
AcDbEntity
  8
0
100
AcDbLine
 10
14.115000000000002
 20
3.7960000000000003
 30
0.0
 11
14.115000000000002
 21
3.7470000000000003
 31
0.0
  0
ARC
  5
39C
330
17
100
AcDbEntity
  8
0
100
AcDbCircle
 10
14.130000000000003
 20
3.7470000000000003
 30
0.0
 40
0.015000000000000001
100
AcDbArc
 50
180.0
 51
270.0
  0
LINE
  5
39D
330
17
100
AcDbEntity
  8
0
100
AcDbLine
 10
14.130000000000003
 20
3.732
 30
0.0
 11
14.600000000000001
 21
3.732
 31
0.0
  0
ARC
  5
39E
330
17
100
AcDbEntity
  8
0
100
AcDbCircle
 10
14.600000000000001
 20
3.7470000000000003
 30
0.0
 40
0.015000000000000001
100
AcDbArc
 50
270.0
 51
0.0
  0
LINE
  5
39F
330
17
100
AcDbEntity
  8
0
100
AcDbLine
 10
14.615000000000002
 20
3.7470000000000003
 30
0.0
 11
14.615000000000002
 21
3.7960000000000003
 31
0.0
  0
ARC
  5
3A0
330
17
100
AcDbEntity
  8
0
100
AcDbCircle
 10
14.630000000000003
 20
3.7960000000000003
 30
0.0
 40
0.015000000000000001
100
AcDbArc
 50
90.0
 51
180.0
  0
LINE
  5
3A1
330
17
100
AcDbEntity
  8
0
100
AcDbLine
 10
14.630000000000003
 20
3.8110000000000004
 30
0.0
 11
15.725000000000001
 21
3.8110000000000004
 31
0.0
  0
ARC
  5
3A2
330
17
100
AcDbEntity
  8
0
100
AcDbCircle
 10
15.725000000000001
 20
3.8260000000000005
 30
0.0
 40
0.015000000000000001
100
AcDbArc
 50
270.0
 51
0.0
  0
LINE
  5
3A3
330
17
100
AcDbEntity
  8
0
100
AcDbLine
 10
15.740000000000002
 20
3.8260000000000005
 30
0.0
 11
15.740000000000002
 21
7.060000000000001
 31
0.0
  0
ARC
  5
3A4
330
17
100
AcDbEntity
  8
0
100
AcDbCircle
 10
15.725000000000001
 20
7.060000000000001
 30
0.0
 40
0.015000000000000001
100
AcDbArc
 50
0.0
 51
90.0
  0
LINE
  5
3A5
330
17
100
AcDbEntity
  8
0
100
AcDbLine
 10
15.725000000000001
 20
7.075000000000001
 30
0.0
 11
15.380000000000003
 21
7.075000000000001
 31
0.0
  0
ARC
  5
3A6
330
17
100
AcDbEntity
  8
0
100
AcDbCircle
 10
15.380000000000003
 20
7.090000000000001
 30
0.0
 40
0.015000000000000001
100
AcDbArc
 50
180.0
 51
270.0
  0
LINE
  5
3A7
330
17
100
AcDbEntity
  8
0
100
AcDbLine
 10
15.365000000000002
 20
7.090000000000001
 30
0.0
 11
15.365000000000002
 21
7.139
 31
0.0
  0
ARC
  5
3A8
330
17
100
AcDbEntity
  8
0
100
AcDbCircle
 10
15.350000000000001
 20
7.139
 30
0.0
 40
0.015000000000000001
100
AcDbArc
 50
0.0
 51
90.0
  0
LINE
  5
3A9
330
17
100
AcDbEntity
  8
0
100
AcDbLine
 10
15.350000000000001
 20
7.154
 30
0.0
 11
14.880000000000003
 21
7.154
 31
0.0
  0
ARC
  5
3AA
330
17
100
AcDbEntity
  8
0
100
AcDbCircle
 10
14.880000000000003
 20
7.139
 30
0.0
 40
0.015000000000000001
100
AcDbArc
 50
90.0
 51
180.0
  0
LINE
  5
3AB
330
17
100
AcDbEntity
  8
0
100
AcDbLine
 10
14.865000000000002
 20
7.139
 30
0.0
 11
14.865000000000002
 21
7.090000000000001
 31
0.0
  0
ARC
  5
3AC
330
17
100
AcDbEntity
  8
0
100
AcDbCircle
 10
14.850000000000001
 20
7.090000000000001
 30
0.0
 40
0.015000000000000001
100
AcDbArc
 50
270.0
 51
0.0
  0
LINE
  5
3AD
330
17
100
AcDbEntity
  8
0
100
AcDbLine
 10
14.850000000000001
 20
7.075000000000001
 30
0.0
 11
13.755000000000003
 21
7.075000000000001
 31
0.0
  0
ARC
  5
3AE
330
17
100
AcDbEntity
  8
0
100
AcDbCircle
 10
13.755000000000003
 20
7.060000000000001
 30
0.0
 40
0.015000000000000001
100
AcDbArc
 50
90.0
 51
180.0
  0
LINE
  5
3AF
330
17
100
AcDbEntity
  8
0
100
AcDbLine
 10
13.740000000000002
 20
10.542
 30
0.0
 11
13.740000000000002
 21
7.308
 31
0.0
  0
ARC
  5
3B0
330
17
100
AcDbEntity
  8
0
100
AcDbCircle
 10
13.755000000000003
 20
7.308
 30
0.0
 40
0.015000000000000001
100
AcDbArc
 50
180.0
 51
270.0
  0
LINE
  5
3B1
330
17
100
AcDbEntity
  8
0
100
AcDbLine
 10
13.755000000000003
 20
7.293
 30
0.0
 11
14.100000000000001
 21
7.293
 31
0.0
  0
ARC
  5
3B2
330
17
100
AcDbEntity
  8
0
100
AcDbCircle
 10
14.100000000000001
 20
7.2780000000000005
 30
0.0
 40
0.015000000000000001
100
AcDbArc
 50
0.0
 51
90.0
  0
LINE
  5
3B3
330
17
100
AcDbEntity
  8
0
100
AcDbLine
 10
14.115000000000002
 20
7.2780000000000005
 30
0.0
 11
14.115000000000002
 21
7.229
 31
0.0
  0
ARC
  5
3B4
330
17
100
AcDbEntity
  8
0
100
AcDbCircle
 10
14.130000000000003
 20
7.229
 30
0.0
 40
0.015000000000000001
100
AcDbArc
 50
180.0
 51
270.0
  0
LINE
  5
3B5
330
17
100
AcDbEntity
  8
0
100
AcDbLine
 10
14.130000000000003
 20
7.214
 30
0.0
 11
14.600000000000001
 21
7.214
 31
0.0
  0
ARC
  5
3B6
330
17
100
AcDbEntity
  8
0
100
AcDbCircle
 10
14.600000000000001
 20
7.229
 30
0.0
 40
0.015000000000000001
100
AcDbArc
 50
270.0
 51
0.0
  0
LINE
  5
3B7
330
17
100
AcDbEntity
  8
0
100
AcDbLine
 10
14.615000000000002
 20
7.229
 30
0.0
 11
14.615000000000002
 21
7.2780000000000005
 31
0.0
  0
ARC
  5
3B8
330
17
100
AcDbEntity
  8
0
100
AcDbCircle
 10
14.630000000000003
 20
7.2780000000000005
 30
0.0
 40
0.015000000000000001
100
AcDbArc
 50
90.0
 51
180.0
  0
LINE
  5
3B9
330
17
100
AcDbEntity
  8
0
100
AcDbLine
 10
14.630000000000003
 20
7.293
 30
0.0
 11
15.725000000000001
 21
7.293
 31
0.0
  0
ARC
  5
3BA
330
17
100
AcDbEntity
  8
0
100
AcDbCircle
 10
15.725000000000001
 20
7.308
 30
0.0
 40
0.015000000000000001
100
AcDbArc
 50
270.0
 51
0.0
  0
LINE
  5
3BB
330
17
100
AcDbEntity
  8
0
100
AcDbLine
 10
15.740000000000002
 20
7.308
 30
0.0
 11
15.740000000000002
 21
10.542
 31
0.0
  0
ARC
  5
3BC
330
17
100
AcDbEntity
  8
0
100
AcDbCircle
 10
15.725000000000001
 20
10.542
 30
0.0
 40
0.015000000000000001
100
AcDbArc
 50
0.0
 51
90.0
  0
LINE
  5
3BD
330
17
100
AcDbEntity
  8
0
100
AcDbLine
 10
15.725000000000001
 20
10.557
 30
0.0
 11
15.380000000000003
 21
10.557
 31
0.0
  0
ARC
  5
3BE
330
17
100
AcDbEntity
  8
0
100
AcDbCircle
 10
15.380000000000003
 20
10.572000000000001
 30
0.0
 40
0.015000000000000001
100
AcDbArc
 50
180.0
 51
270.0
  0
LINE
  5
3BF
330
17
100
AcDbEntity
  8
0
100
AcDbLine
 10
15.365000000000002
 20
10.572000000000001
 30
0.0
 11
15.365000000000002
 21
10.621
 31
0.0
  0
ARC
  5
3C0
330
17
100
AcDbEntity
  8
0
100
AcDbCircle
 10
15.350000000000001
 20
10.621
 30
0.0
 40
0.015000000000000001
100
AcDbArc
 50
0.0
 51
90.0
  0
LINE
  5
3C1
330
17
100
AcDbEntity
  8
0
100
AcDbLine
 10
15.350000000000001
 20
10.636000000000001
 30
0.0
 11
14.880000000000003
 21
10.636000000000001
 31
0.0
  0
ARC
  5
3C2
330
17
100
AcDbEntity
  8
0
100
AcDbCircle
 10
14.880000000000003
 20
10.621
 30
0.0
 40
0.015000000000000001
100
AcDbArc
 50
90.0
 51
180.0
  0
LINE
  5
3C3
330
17
100
AcDbEntity
  8
0
100
AcDbLine
 10
14.865000000000002
 20
10.621
 30
0.0
 11
14.865000000000002
 21
10.572000000000001
 31
0.0
  0
ARC
  5
3C4
330
17
100
AcDbEntity
  8
0
100
AcDbCircle
 10
14.850000000000001
 20
10.572000000000001
 30
0.0
 40
0.015000000000000001
100
AcDbArc
 50
270.0
 51
0.0
  0
LINE
  5
3C5
330
17
100
AcDbEntity
  8
0
100
AcDbLine
 10
14.850000000000001
 20
10.557
 30
0.0
 11
13.755000000000003
 21
10.557
 31
0.0
  0
ARC
  5
3C6
330
17
100
AcDbEntity
  8
0
100
AcDbCircle
 10
13.755000000000003
 20
10.542
 30
0.0
 40
0.015000000000000001
100
AcDbArc
 50
90.0
 51
180.0
  0
LINE
  5
3C7
330
17
100
AcDbEntity
  8
0
100
AcDbLine
 10
14.518
 20
14.024000000000001
 30
0.0
 11
14.518
 21
10.790000000000003
 31
0.0
  0
ARC
  5
3C8
330
17
100
AcDbEntity
  8
0
100
AcDbCircle
 10
14.533000000000001
 20
10.790000000000003
 30
0.0
 40
0.015000000000000001
100
AcDbArc
 50
180.0
 51
270.0
  0
LINE
  5
3C9
330
17
100
AcDbEntity
  8
0
100
AcDbLine
 10
14.533000000000001
 20
10.775000000000002
 30
0.0
 11
14.878
 21
10.775000000000002
 31
0.0
  0
ARC
  5
3CA
330
17
100
AcDbEntity
  8
0
100
AcDbCircle
 10
14.878
 20
10.760000000000002
 30
0.0
 40
0.015000000000000001
100
AcDbArc
 50
0.0
 51
90.0
  0
LINE
  5
3CB
330
17
100
AcDbEntity
  8
0
100
AcDbLine
 10
14.893
 20
10.760000000000002
 30
0.0
 11
14.893
 21
10.711000000000002
 31
0.0
  0
ARC
  5
3CC
330
17
100
AcDbEntity
  8
0
100
AcDbCircle
 10
14.908000000000001
 20
10.711000000000002
 30
0.0
 40
0.015000000000000001
100
AcDbArc
 50
180.0
 51
270.0
  0
LINE
  5
3CD
330
17
100
AcDbEntity
  8
0
100
AcDbLine
 10
14.908000000000001
 20
10.696000000000002
 30
0.0
 11
15.378
 21
10.696000000000002
 31
0.0
  0
ARC
  5
3CE
330
17
100
AcDbEntity
  8
0
100
AcDbCircle
 10
15.378
 20
10.711000000000002
 30
0.0
 40
0.015000000000000001
100
AcDbArc
 50
270.0
 51
0.0
  0
LINE
  5
3CF
330
17
100
AcDbEntity
  8
0
100
AcDbLine
 10
15.393
 20
10.711000000000002
 30
0.0
 11
15.393
 21
10.760000000000002
 31
0.0
  0
ARC
  5
3D0
330
17
100
AcDbEntity
  8
0
100
AcDbCircle
 10
15.408000000000001
 20
10.760000000000002
 30
0.0
 40
0.015000000000000001
100
AcDbArc
 50
90.0
 51
180.0
  0
LINE
  5
3D1
330
17
100
AcDbEntity
  8
0
100
AcDbLine
 10
15.408000000000001
 20
10.775000000000002
 30
0.0
 11
16.503
 21
10.775000000000002
 31
0.0
  0
ARC
  5
3D2
330
17
100
AcDbEntity
  8
0
100
AcDbCircle
 10
16.503
 20
10.790000000000003
 30
0.0
 40
0.015000000000000001
100
AcDbArc
 50
270.0
 51
0.0
  0
LINE
  5
3D3
330
17
100
AcDbEntity
  8
0
100
AcDbLine
 10
16.518
 20
10.790000000000003
 30
0.0
 11
16.518
 21
14.024000000000001
 31
0.0
  0
ARC
  5
3D4
330
17
100
AcDbEntity
  8
0
100
AcDbCircle
 10
16.503
 20
14.024000000000001
 30
0.0
 40
0.015000000000000001
100
AcDbArc
 50
0.0
 51
90.0
  0
LINE
  5
3D5
330
17
100
AcDbEntity
  8
0
100
AcDbLine
 10
16.503
 20
14.039000000000001
 30
0.0
 11
16.158
 21
14.039000000000001
 31
0.0
  0
ARC
  5
3D6
330
17
100
AcDbEntity
  8
0
100
AcDbCircle
 10
16.158
 20
14.054000000000002
 30
0.0
 40
0.015000000000000001
100
AcDbArc
 50
180.0
 51
270.0
  0
LINE
  5
3D7
330
17
100
AcDbEntity
  8
0
100
AcDbLine
 10
16.143
 20
14.054000000000002
 30
0.0
 11
16.143
 21
14.103000000000002
 31
0.0
  0
ARC
  5
3D8
330
17
100
AcDbEntity
  8
0
100
AcDbCircle
 10
16.128
 20
14.103000000000002
 30
0.0
 40
0.015000000000000001
100
AcDbArc
 50
0.0
 51
90.0
  0
LINE
  5
3D9
330
17
100
AcDbEntity
  8
0
100
AcDbLine
 10
16.128
 20
14.118000000000002
 30
0.0
 11
15.658000000000001
 21
14.118000000000002
 31
0.0
  0
ARC
  5
3DA
330
17
100
AcDbEntity
  8
0
100
AcDbCircle
 10
15.658000000000001
 20
14.103000000000002
 30
0.0
 40
0.015000000000000001
100
AcDbArc
 50
90.0
 51
180.0
  0
LINE
  5
3DB
330
17
100
AcDbEntity
  8
0
100
AcDbLine
 10
15.643
 20
14.103000000000002
 30
0.0
 11
15.643
 21
14.054000000000002
 31
0.0
  0
ARC
  5
3DC
330
17
100
AcDbEntity
  8
0
100
AcDbCircle
 10
15.628
 20
14.054000000000002
 30
0.0
 40
0.015000000000000001
100
AcDbArc
 50
270.0
 51
0.0
  0
LINE
  5
3DD
330
17
100
AcDbEntity
  8
0
100
AcDbLine
 10
15.628
 20
14.039000000000001
 30
0.0
 11
14.533000000000001
 21
14.039000000000001
 31
0.0
  0
ARC
  5
3DE
330
17
100
AcDbEntity
  8
0
100
AcDbCircle
 10
14.533000000000001
 20
14.024000000000001
 30
0.0
 40
0.015000000000000001
100
AcDbArc
 50
90.0
 51
180.0
  0
LINE
  5
3DF
330
17
100
AcDbEntity
  8
0
100
AcDbLine
 10
15.314000000000002
 20
17.506
 30
0.0
 11
15.314000000000002
 21
14.272000000000002
 31
0.0
  0
ARC
  5
3E0
330
17
100
AcDbEntity
  8
0
100
AcDbCircle
 10
15.329000000000002
 20
14.272000000000002
 30
0.0
 40
0.015000000000000001
100
AcDbArc
 50
180.0
 51
270.0
  0
LINE
  5
3E1
330
17
100
AcDbEntity
  8
0
100
AcDbLine
 10
15.329000000000002
 20
14.257000000000001
 30
0.0
 11
15.674000000000001
 21
14.257000000000001
 31
0.0
  0
ARC
  5
3E2
330
17
100
AcDbEntity
  8
0
100
AcDbCircle
 10
15.674000000000001
 20
14.242
 30
0.0
 40
0.015000000000000001
100
AcDbArc
 50
0.0
 51
90.0
  0
LINE
  5
3E3
330
17
100
AcDbEntity
  8
0
100
AcDbLine
 10
15.689000000000002
 20
14.242
 30
0.0
 11
15.689000000000002
 21
14.193000000000001
 31
0.0
  0
ARC
  5
3E4
330
17
100
AcDbEntity
  8
0
100
AcDbCircle
 10
15.704000000000002
 20
14.193000000000001
 30
0.0
 40
0.015000000000000001
100
AcDbArc
 50
180.0
 51
270.0
  0
LINE
  5
3E5
330
17
100
AcDbEntity
  8
0
100
AcDbLine
 10
15.704000000000002
 20
14.178
 30
0.0
 11
16.174
 21
14.178
 31
0.0
  0
ARC
  5
3E6
330
17
100
AcDbEntity
  8
0
100
AcDbCircle
 10
16.174
 20
14.193000000000001
 30
0.0
 40
0.015000000000000001
100
AcDbArc
 50
270.0
 51
0.0
  0
LINE
  5
3E7
330
17
100
AcDbEntity
  8
0
100
AcDbLine
 10
16.189
 20
14.193000000000001
 30
0.0
 11
16.189
 21
14.242
 31
0.0
  0
ARC
  5
3E8
330
17
100
AcDbEntity
  8
0
100
AcDbCircle
 10
16.204
 20
14.242
 30
0.0
 40
0.015000000000000001
100
AcDbArc
 50
90.0
 51
180.0
  0
LINE
  5
3E9
330
17
100
AcDbEntity
  8
0
100
AcDbLine
 10
16.204
 20
14.257000000000001
 30
0.0
 11
17.299
 21
14.257000000000001
 31
0.0
  0
ARC
  5
3EA
330
17
100
AcDbEntity
  8
0
100
AcDbCircle
 10
17.299
 20
14.272000000000002
 30
0.0
 40
0.015000000000000001
100
AcDbArc
 50
270.0
 51
0.0
  0
LINE
  5
3EB
330
17
100
AcDbEntity
  8
0
100
AcDbLine
 10
17.314
 20
14.272000000000002
 30
0.0
 11
17.314
 21
17.506
 31
0.0
  0
ARC
  5
3EC
330
17
100
AcDbEntity
  8
0
100
AcDbCircle
 10
17.299
 20
17.506
 30
0.0
 40
0.015000000000000001
100
AcDbArc
 50
0.0
 51
90.0
  0
LINE
  5
3ED
330
17
100
AcDbEntity
  8
0
100
AcDbLine
 10
17.299
 20
17.521
 30
0.0
 11
16.954
 21
17.521
 31
0.0
  0
ARC
  5
3EE
330
17
100
AcDbEntity
  8
0
100
AcDbCircle
 10
16.954
 20
17.536
 30
0.0
 40
0.015000000000000001
100
AcDbArc
 50
180.0
 51
270.0
  0
LINE
  5
3EF
330
17
100
AcDbEntity
  8
0
100
AcDbLine
 10
16.939
 20
17.536
 30
0.0
 11
16.939
 21
17.585
 31
0.0
  0
ARC
  5
3F0
330
17
100
AcDbEntity
  8
0
100
AcDbCircle
 10
16.924
 20
17.585
 30
0.0
 40
0.015000000000000001
100
AcDbArc
 50
0.0
 51
90.0
  0
LINE
  5
3F1
330
17
100
AcDbEntity
  8
0
100
AcDbLine
 10
16.924
 20
17.6
 30
0.0
 11
16.454
 21
17.6
 31
0.0
  0
ARC
  5
3F2
330
17
100
AcDbEntity
  8
0
100
AcDbCircle
 10
16.454
 20
17.585
 30
0.0
 40
0.015000000000000001
100
AcDbArc
 50
90.0
 51
180.0
  0
LINE
  5
3F3
330
17
100
AcDbEntity
  8
0
100
AcDbLine
 10
16.439
 20
17.585
 30
0.0
 11
16.439
 21
17.536
 31
0.0
  0
ARC
  5
3F4
330
17
100
AcDbEntity
  8
0
100
AcDbCircle
 10
16.424
 20
17.536
 30
0.0
 40
0.015000000000000001
100
AcDbArc
 50
270.0
 51
0.0
  0
LINE
  5
3F5
330
17
100
AcDbEntity
  8
0
100
AcDbLine
 10
16.424
 20
17.521
 30
0.0
 11
15.329000000000002
 21
17.521
 31
0.0
  0
ARC
  5
3F6
330
17
100
AcDbEntity
  8
0
100
AcDbCircle
 10
15.329000000000002
 20
17.506
 30
0.0
 40
0.015000000000000001
100
AcDbArc
 50
90.0
 51
180.0
  0
LINE
  5
3F7
330
17
100
AcDbEntity
  8
0
100
AcDbLine
 10
15.314000000000002
 20
20.988
 30
0.0
 11
15.314000000000002
 21
17.754
 31
0.0
  0
ARC
  5
3F8
330
17
100
AcDbEntity
  8
0
100
AcDbCircle
 10
15.329000000000002
 20
17.754
 30
0.0
 40
0.015000000000000001
100
AcDbArc
 50
180.0
 51
270.0
  0
LINE
  5
3F9
330
17
100
AcDbEntity
  8
0
100
AcDbLine
 10
15.329000000000002
 20
17.739
 30
0.0
 11
15.674000000000001
 21
17.739
 31
0.0
  0
ARC
  5
3FA
330
17
100
AcDbEntity
  8
0
100
AcDbCircle
 10
15.674000000000001
 20
17.724
 30
0.0
 40
0.015000000000000001
100
AcDbArc
 50
0.0
 51
90.0
  0
LINE
  5
3FB
330
17
100
AcDbEntity
  8
0
100
AcDbLine
 10
15.689000000000002
 20
17.724
 30
0.0
 11
15.689000000000002
 21
17.675
 31
0.0
  0
ARC
  5
3FC
330
17
100
AcDbEntity
  8
0
100
AcDbCircle
 10
15.704000000000002
 20
17.675
 30
0.0
 40
0.015000000000000001
100
AcDbArc
 50
180.0
 51
270.0
  0
LINE
  5
3FD
330
17
100
AcDbEntity
  8
0
100
AcDbLine
 10
15.704000000000002
 20
17.66
 30
0.0
 11
16.174
 21
17.66
 31
0.0
  0
ARC
  5
3FE
330
17
100
AcDbEntity
  8
0
100
AcDbCircle
 10
16.174
 20
17.675
 30
0.0
 40
0.015000000000000001
100
AcDbArc
 50
270.0
 51
0.0
  0
LINE
  5
3FF
330
17
100
AcDbEntity
  8
0
100
AcDbLine
 10
16.189
 20
17.675
 30
0.0
 11
16.189
 21
17.724
 31
0.0
  0
ARC
  5
400
330
17
100
AcDbEntity
  8
0
100
AcDbCircle
 10
16.204
 20
17.724
 30
0.0
 40
0.015000000000000001
100
AcDbArc
 50
90.0
 51
180.0
  0
LINE
  5
401
330
17
100
AcDbEntity
  8
0
100
AcDbLine
 10
16.204
 20
17.739
 30
0.0
 11
17.299
 21
17.739
 31
0.0
  0
ARC
  5
402
330
17
100
AcDbEntity
  8
0
100
AcDbCircle
 10
17.299
 20
17.754
 30
0.0
 40
0.015000000000000001
100
AcDbArc
 50
270.0
 51
0.0
  0
LINE
  5
403
330
17
100
AcDbEntity
  8
0
100
AcDbLine
 10
17.314
 20
17.754
 30
0.0
 11
17.314
 21
20.988
 31
0.0
  0
ARC
  5
404
330
17
100
AcDbEntity
  8
0
100
AcDbCircle
 10
17.299
 20
20.988
 30
0.0
 40
0.015000000000000001
100
AcDbArc
 50
0.0
 51
90.0
  0
LINE
  5
405
330
17
100
AcDbEntity
  8
0
100
AcDbLine
 10
17.299
 20
21.003
 30
0.0
 11
16.954
 21
21.003
 31
0.0
  0
ARC
  5
406
330
17
100
AcDbEntity
  8
0
100
AcDbCircle
 10
16.954
 20
21.018
 30
0.0
 40
0.015000000000000001
100
AcDbArc
 50
180.0
 51
270.0
  0
LINE
  5
407
330
17
100
AcDbEntity
  8
0
100
AcDbLine
 10
16.939
 20
21.018
 30
0.0
 11
16.939
 21
21.067
 31
0.0
  0
ARC
  5
408
330
17
100
AcDbEntity
  8
0
100
AcDbCircle
 10
16.924
 20
21.067
 30
0.0
 40
0.015000000000000001
100
AcDbArc
 50
0.0
 51
90.0
  0
LINE
  5
409
330
17
100
AcDbEntity
  8
0
100
AcDbLine
 10
16.924
 20
21.082
 30
0.0
 11
16.454
 21
21.082
 31
0.0
  0
ARC
  5
40A
330
17
100
AcDbEntity
  8
0
100
AcDbCircle
 10
16.454
 20
21.067
 30
0.0
 40
0.015000000000000001
100
AcDbArc
 50
90.0
 51
180.0
  0
LINE
  5
40B
330
17
100
AcDbEntity
  8
0
100
AcDbLine
 10
16.439
 20
21.067
 30
0.0
 11
16.439
 21
21.018
 31
0.0
  0
ARC
  5
40C
330
17
100
AcDbEntity
  8
0
100
AcDbCircle
 10
16.424
 20
21.018
 30
0.0
 40
0.015000000000000001
100
AcDbArc
 50
270.0
 51
0.0
  0
LINE
  5
40D
330
17
100
AcDbEntity
  8
0
100
AcDbLine
 10
16.424
 20
21.003
 30
0.0
 11
15.329000000000002
 21
21.003
 31
0.0
  0
ARC
  5
40E
330
17
100
AcDbEntity
  8
0
100
AcDbCircle
 10
15.329000000000002
 20
20.988
 30
0.0
 40
0.015000000000000001
100
AcDbArc
 50
90.0
 51
180.0
  0
LINE
  5
40F
330
17
100
AcDbEntity
  8
0
100
AcDbLine
 10
15.408000000000001
 20
21.142
 30
0.0
 11
18.642000000000003
 21
21.142
 31
0.0
  0
ARC
  5
410
330
17
100
AcDbEntity
  8
0
100
AcDbCircle
 10
18.642000000000003
 20
21.157
 30
0.0
 40
0.015000000000000001
100
AcDbArc
 50
270.0
 51
0.0
  0
LINE
  5
411
330
17
100
AcDbEntity
  8
0
100
AcDbLine
 10
18.657000000000004
 20
21.157
 30
0.0
 11
18.657000000000004
 21
21.502
 31
0.0
  0
ARC
  5
412
330
17
100
AcDbEntity
  8
0
100
AcDbCircle
 10
18.672000000000004
 20
21.502
 30
0.0
 40
0.015000000000000001
100
AcDbArc
 50
90.0
 51
180.0
  0
LINE
  5
413
330
17
100
AcDbEntity
  8
0
100
AcDbLine
 10
18.672000000000004
 20
21.517
 30
0.0
 11
18.721
 21
21.517
 31
0.0
  0
ARC
  5
414
330
17
100
AcDbEntity
  8
0
100
AcDbCircle
 10
18.721
 20
21.532
 30
0.0
 40
0.015000000000000001
100
AcDbArc
 50
270.0
 51
0.0
  0
LINE
  5
415
330
17
100
AcDbEntity
  8
0
100
AcDbLine
 10
18.736
 20
21.532
 30
0.0
 11
18.736
 21
22.002
 31
0.0
  0
ARC
  5
416
330
17
100
AcDbEntity
  8
0
100
AcDbCircle
 10
18.721
 20
22.002
 30
0.0
 40
0.015000000000000001
100
AcDbArc
 50
0.0
 51
90.0
  0
LINE
  5
417
330
17
100
AcDbEntity
  8
0
100
AcDbLine
 10
18.721
 20
22.017
 30
0.0
 11
18.672000000000004
 21
22.017
 31
0.0
  0
ARC
  5
418
330
17
100
AcDbEntity
  8
0
100
AcDbCircle
 10
18.672000000000004
 20
22.032
 30
0.0
 40
0.015000000000000001
100
AcDbArc
 50
180.0
 51
270.0
  0
LINE
  5
419
330
17
100
AcDbEntity
  8
0
100
AcDbLine
 10
18.657000000000004
 20
22.032
 30
0.0
 11
18.657000000000004
 21
23.127
 31
0.0
  0
ARC
  5
41A
330
17
100
AcDbEntity
  8
0
100
AcDbCircle
 10
18.642000000000003
 20
23.127
 30
0.0
 40
0.015000000000000001
100
AcDbArc
 50
0.0
 51
90.0
  0
LINE
  5
41B
330
17
100
AcDbEntity
  8
0
100
AcDbLine
 10
18.642000000000003
 20
23.142
 30
0.0
 11
15.408000000000001
 21
23.142
 31
0.0
  0
ARC
  5
41C
330
17
100
AcDbEntity
  8
0
100
AcDbCircle
 10
15.408000000000001
 20
23.127
 30
0.0
 40
0.015000000000000001
100
AcDbArc
 50
90.0
 51
180.0
  0
LINE
  5
41D
330
17
100
AcDbEntity
  8
0
100
AcDbLine
 10
15.393
 20
23.127
 30
0.0
 11
15.393
 21
22.782
 31
0.0
  0
ARC
  5
41E
330
17
100
AcDbEntity
  8
0
100
AcDbCircle
 10
15.378
 20
22.782
 30
0.0
 40
0.015000000000000001
100
AcDbArc
 50
270.0
 51
0.0
  0
LINE
  5
41F
330
17
100
AcDbEntity
  8
0
100
AcDbLine
 10
15.378
 20
22.767
 30
0.0
 11
15.329000000000002
 21
22.767
 31
0.0
  0
ARC
  5
420
330
17
100
AcDbEntity
  8
0
100
AcDbCircle
 10
15.329000000000002
 20
22.752
 30
0.0
 40
0.015000000000000001
100
AcDbArc
 50
90.0
 51
180.0
  0
LINE
  5
421
330
17
100
AcDbEntity
  8
0
100
AcDbLine
 10
15.314000000000002
 20
22.752
 30
0.0
 11
15.314000000000002
 21
22.282
 31
0.0
  0
ARC
  5
422
330
17
100
AcDbEntity
  8
0
100
AcDbCircle
 10
15.329000000000002
 20
22.282
 30
0.0
 40
0.015000000000000001
100
AcDbArc
 50
180.0
 51
270.0
  0
LINE
  5
423
330
17
100
AcDbEntity
  8
0
100
AcDbLine
 10
15.329000000000002
 20
22.267
 30
0.0
 11
15.378
 21
22.267
 31
0.0
  0
ARC
  5
424
330
17
100
AcDbEntity
  8
0
100
AcDbCircle
 10
15.378
 20
22.252
 30
0.0
 40
0.015000000000000001
100
AcDbArc
 50
0.0
 51
90.0
  0
LINE
  5
425
330
17
100
AcDbEntity
  8
0
100
AcDbLine
 10
15.393
 20
22.252
 30
0.0
 11
15.393
 21
21.157
 31
0.0
  0
ARC
  5
426
330
17
100
AcDbEntity
  8
0
100
AcDbCircle
 10
15.408000000000001
 20
21.157
 30
0.0
 40
0.015000000000000001
100
AcDbArc
 50
180.0
 51
270.0
  0
LINE
  5
427
330
17
100
AcDbEntity
  8
0
100
AcDbLine
 10
15.800000000000002
 20
3.5780000000000003
 30
0.0
 11
15.800000000000002
 21
0.34400000000000003
 31
0.0
  0
ARC
  5
428
330
17
100
AcDbEntity
  8
0
100
AcDbCircle
 10
15.815000000000003
 20
0.34400000000000003
 30
0.0
 40
0.015000000000000001
100
AcDbArc
 50
180.0
 51
270.0
  0
LINE
  5
429
330
17
100
AcDbEntity
  8
0
100
AcDbLine
 10
15.815000000000003
 20
0.329
 30
0.0
 11
16.160000000000004
 21
0.329
 31
0.0
  0
ARC
  5
42A
330
17
100
AcDbEntity
  8
0
100
AcDbCircle
 10
16.160000000000004
 20
0.314
 30
0.0
 40
0.015000000000000001
100
AcDbArc
 50
0.0
 51
90.0
  0
LINE
  5
42B
330
17
100
AcDbEntity
  8
0
100
AcDbLine
 10
16.175000000000004
 20
0.314
 30
0.0
 11
16.175000000000004
 21
0.265
 31
0.0
  0
ARC
  5
42C
330
17
100
AcDbEntity
  8
0
100
AcDbCircle
 10
16.190000000000005
 20
0.265
 30
0.0
 40
0.015000000000000001
100
AcDbArc
 50
180.0
 51
270.0
  0
LINE
  5
42D
330
17
100
AcDbEntity
  8
0
100
AcDbLine
 10
16.190000000000005
 20
0.25
 30
0.0
 11
16.660000000000004
 21
0.25
 31
0.0
  0
ARC
  5
42E
330
17
100
AcDbEntity
  8
0
100
AcDbCircle
 10
16.660000000000004
 20
0.265
 30
0.0
 40
0.015000000000000001
100
AcDbArc
 50
270.0
 51
0.0
  0
LINE
  5
42F
330
17
100
AcDbEntity
  8
0
100
AcDbLine
 10
16.675000000000004
 20
0.265
 30
0.0
 11
16.675000000000004
 21
0.314
 31
0.0
  0
ARC
  5
430
330
17
100
AcDbEntity
  8
0
100
AcDbCircle
 10
16.690000000000005
 20
0.314
 30
0.0
 40
0.015000000000000001
100
AcDbArc
 50
90.0
 51
180.0
  0
LINE
  5
431
330
17
100
AcDbEntity
  8
0
100
AcDbLine
 10
16.690000000000005
 20
0.329
 30
0.0
 11
17.785000000000004
 21
0.329
 31
0.0
  0
ARC
  5
432
330
17
100
AcDbEntity
  8
0
100
AcDbCircle
 10
17.785000000000004
 20
0.34400000000000003
 30
0.0
 40
0.015000000000000001
100
AcDbArc
 50
270.0
 51
0.0
  0
LINE
  5
433
330
17
100
AcDbEntity
  8
0
100
AcDbLine
 10
17.800000000000004
 20
0.34400000000000003
 30
0.0
 11
17.800000000000004
 21
3.5780000000000003
 31
0.0
  0
ARC
  5
434
330
17
100
AcDbEntity
  8
0
100
AcDbCircle
 10
17.785000000000004
 20
3.5780000000000003
 30
0.0
 40
0.015000000000000001
100
AcDbArc
 50
0.0
 51
90.0
  0
LINE
  5
435
330
17
100
AcDbEntity
  8
0
100
AcDbLine
 10
17.785000000000004
 20
3.5930000000000004
 30
0.0
 11
17.440000000000005
 21
3.5930000000000004
 31
0.0
  0
ARC
  5
436
330
17
100
AcDbEntity
  8
0
100
AcDbCircle
 10
17.440000000000005
 20
3.6080000000000005
 30
0.0
 40
0.015000000000000001
100
AcDbArc
 50
180.0
 51
270.0
  0
LINE
  5
437
330
17
100
AcDbEntity
  8
0
100
AcDbLine
 10
17.425000000000004
 20
3.6080000000000005
 30
0.0
 11
17.425000000000004
 21
3.657
 31
0.0
  0
ARC
  5
438
330
17
100
AcDbEntity
  8
0
100
AcDbCircle
 10
17.410000000000004
 20
3.657
 30
0.0
 40
0.015000000000000001
100
AcDbArc
 50
0.0
 51
90.0
  0
LINE
  5
439
330
17
100
AcDbEntity
  8
0
100
AcDbLine
 10
17.410000000000004
 20
3.672
 30
0.0
 11
16.940000000000005
 21
3.672
 31
0.0
  0
ARC
  5
43A
330
17
100
AcDbEntity
  8
0
100
AcDbCircle
 10
16.940000000000005
 20
3.657
 30
0.0
 40
0.015000000000000001
100
AcDbArc
 50
90.0
 51
180.0
  0
LINE
  5
43B
330
17
100
AcDbEntity
  8
0
100
AcDbLine
 10
16.925000000000004
 20
3.657
 30
0.0
 11
16.925000000000004
 21
3.6080000000000005
 31
0.0
  0
ARC
  5
43C
330
17
100
AcDbEntity
  8
0
100
AcDbCircle
 10
16.910000000000004
 20
3.6080000000000005
 30
0.0
 40
0.015000000000000001
100
AcDbArc
 50
270.0
 51
0.0
  0
LINE
  5
43D
330
17
100
AcDbEntity
  8
0
100
AcDbLine
 10
16.910000000000004
 20
3.5930000000000004
 30
0.0
 11
15.815000000000003
 21
3.5930000000000004
 31
0.0
  0
ARC
  5
43E
330
17
100
AcDbEntity
  8
0
100
AcDbCircle
 10
15.815000000000003
 20
3.5780000000000003
 30
0.0
 40
0.015000000000000001
100
AcDbArc
 50
90.0
 51
180.0
  0
LINE
  5
43F
330
17
100
AcDbEntity
  8
0
100
AcDbLine
 10
15.800000000000002
 20
7.060000000000001
 30
0.0
 11
15.800000000000002
 21
3.8260000000000005
 31
0.0
  0
ARC
  5
440
330
17
100
AcDbEntity
  8
0
100
AcDbCircle
 10
15.815000000000003
 20
3.8260000000000005
 30
0.0
 40
0.015000000000000001
100
AcDbArc
 50
180.0
 51
270.0
  0
LINE
  5
441
330
17
100
AcDbEntity
  8
0
100
AcDbLine
 10
15.815000000000003
 20
3.8110000000000004
 30
0.0
 11
16.160000000000004
 21
3.8110000000000004
 31
0.0
  0
ARC
  5
442
330
17
100
AcDbEntity
  8
0
100
AcDbCircle
 10
16.160000000000004
 20
3.7960000000000003
 30
0.0
 40
0.015000000000000001
100
AcDbArc
 50
0.0
 51
90.0
  0
LINE
  5
443
330
17
100
AcDbEntity
  8
0
100
AcDbLine
 10
16.175000000000004
 20
3.7960000000000003
 30
0.0
 11
16.175000000000004
 21
3.7470000000000003
 31
0.0
  0
ARC
  5
444
330
17
100
AcDbEntity
  8
0
100
AcDbCircle
 10
16.190000000000005
 20
3.7470000000000003
 30
0.0
 40
0.015000000000000001
100
AcDbArc
 50
180.0
 51
270.0
  0
LINE
  5
445
330
17
100
AcDbEntity
  8
0
100
AcDbLine
 10
16.190000000000005
 20
3.732
 30
0.0
 11
16.660000000000004
 21
3.732
 31
0.0
  0
ARC
  5
446
330
17
100
AcDbEntity
  8
0
100
AcDbCircle
 10
16.660000000000004
 20
3.7470000000000003
 30
0.0
 40
0.015000000000000001
100
AcDbArc
 50
270.0
 51
0.0
  0
LINE
  5
447
330
17
100
AcDbEntity
  8
0
100
AcDbLine
 10
16.675000000000004
 20
3.7470000000000003
 30
0.0
 11
16.675000000000004
 21
3.7960000000000003
 31
0.0
  0
ARC
  5
448
330
17
100
AcDbEntity
  8
0
100
AcDbCircle
 10
16.690000000000005
 20
3.7960000000000003
 30
0.0
 40
0.015000000000000001
100
AcDbArc
 50
90.0
 51
180.0
  0
LINE
  5
449
330
17
100
AcDbEntity
  8
0
100
AcDbLine
 10
16.690000000000005
 20
3.8110000000000004
 30
0.0
 11
17.785000000000004
 21
3.8110000000000004
 31
0.0
  0
ARC
  5
44A
330
17
100
AcDbEntity
  8
0
100
AcDbCircle
 10
17.785000000000004
 20
3.8260000000000005
 30
0.0
 40
0.015000000000000001
100
AcDbArc
 50
270.0
 51
0.0
  0
LINE
  5
44B
330
17
100
AcDbEntity
  8
0
100
AcDbLine
 10
17.800000000000004
 20
3.8260000000000005
 30
0.0
 11
17.800000000000004
 21
7.060000000000001
 31
0.0
  0
ARC
  5
44C
330
17
100
AcDbEntity
  8
0
100
AcDbCircle
 10
17.785000000000004
 20
7.060000000000001
 30
0.0
 40
0.015000000000000001
100
AcDbArc
 50
0.0
 51
90.0
  0
LINE
  5
44D
330
17
100
AcDbEntity
  8
0
100
AcDbLine
 10
17.785000000000004
 20
7.075000000000001
 30
0.0
 11
17.440000000000005
 21
7.075000000000001
 31
0.0
  0
ARC
  5
44E
330
17
100
AcDbEntity
  8
0
100
AcDbCircle
 10
17.440000000000005
 20
7.090000000000001
 30
0.0
 40
0.015000000000000001
100
AcDbArc
 50
180.0
 51
270.0
  0
LINE
  5
44F
330
17
100
AcDbEntity
  8
0
100
AcDbLine
 10
17.425000000000004
 20
7.090000000000001
 30
0.0
 11
17.425000000000004
 21
7.139
 31
0.0
  0
ARC
  5
450
330
17
100
AcDbEntity
  8
0
100
AcDbCircle
 10
17.410000000000004
 20
7.139
 30
0.0
 40
0.015000000000000001
100
AcDbArc
 50
0.0
 51
90.0
  0
LINE
  5
451
330
17
100
AcDbEntity
  8
0
100
AcDbLine
 10
17.410000000000004
 20
7.154
 30
0.0
 11
16.940000000000005
 21
7.154
 31
0.0
  0
ARC
  5
452
330
17
100
AcDbEntity
  8
0
100
AcDbCircle
 10
16.940000000000005
 20
7.139
 30
0.0
 40
0.015000000000000001
100
AcDbArc
 50
90.0
 51
180.0
  0
LINE
  5
453
330
17
100
AcDbEntity
  8
0
100
AcDbLine
 10
16.925000000000004
 20
7.139
 30
0.0
 11
16.925000000000004
 21
7.090000000000001
 31
0.0
  0
ARC
  5
454
330
17
100
AcDbEntity
  8
0
100
AcDbCircle
 10
16.910000000000004
 20
7.090000000000001
 30
0.0
 40
0.015000000000000001
100
AcDbArc
 50
270.0
 51
0.0
  0
LINE
  5
455
330
17
100
AcDbEntity
  8
0
100
AcDbLine
 10
16.910000000000004
 20
7.075000000000001
 30
0.0
 11
15.815000000000003
 21
7.075000000000001
 31
0.0
  0
ARC
  5
456
330
17
100
AcDbEntity
  8
0
100
AcDbCircle
 10
15.815000000000003
 20
7.060000000000001
 30
0.0
 40
0.015000000000000001
100
AcDbArc
 50
90.0
 51
180.0
  0
ENDSEC
  0
SECTION
  2
OBJECTS
  0
DICTIONARY
  5
A
330
0
100
AcDbDictionary
281
1
  3
ACAD_COLOR
350
B
  3
ACAD_GROUP
350
C
  3
ACAD_LAYOUT
350
D
  3
ACAD_MATERIAL
350
E
  3
ACAD_MLEADERSTYLE
350
F
  3
ACAD_MLINESTYLE
350
10
  3
ACAD_PLOTSETTINGS
350
11
  3
ACAD_PLOTSTYLENAME
350
12
  3
ACAD_SCALELIST
350
14
  3
ACAD_TABLESTYLE
350
15
  3
ACAD_VISUALSTYLE
350
16
  3
EZDXF_META
350
2D
  0
DICTIONARY
  5
B
330
A
100
AcDbDictionary
281
1
  0
DICTIONARY
  5
C
330
A
100
AcDbDictionary
281
1
  0
DICTIONARY
  5
D
330
A
100
AcDbDictionary
281
1
  3
Model
350
1A
  3
Layout1
350
1E
  0
DICTIONARY
  5
E
330
A
100
AcDbDictionary
281
1
  3
ByBlock
350
1F
  3
ByLayer
350
20
  3
Global
350
21
  0
DICTIONARY
  5
F
330
A
100
AcDbDictionary
281
1
  3
Standard
350
2C
  0
DICTIONARY
  5
10
330
A
100
AcDbDictionary
281
1
  3
Standard
350
22
  0
DICTIONARY
  5
11
330
A
100
AcDbDictionary
281
1
  0
ACDBDICTIONARYWDFLT
  5
12
330
A
100
AcDbDictionary
281
1
  3
Normal
350
13
100
AcDbDictionaryWithDefault
340
13
  0
ACDBPLACEHOLDER
  5
13
330
12
  0
DICTIONARY
  5
14
330
A
100
AcDbDictionary
281
1
  0
DICTIONARY
  5
15
330
A
100
AcDbDictionary
281
1
  0
DICTIONARY
  5
16
330
A
100
AcDbDictionary
281
1
  0
LAYOUT
  5
1A
330
D
100
AcDbPlotSettings
  1

  4
A3
  6

 40
7.5
 41
20.0
 42
7.5
 43
20.0
 44
420.0
 45
297.0
 46
0.0
 47
0.0
 48
0.0
 49
0.0
140
0.0
141
0.0
142
1.0
143
1.0
 70
1024
 72
1
 73
0
 74
5
  7

 75
16
 76
0
 77
2
 78
300
147
1.0
148
0.0
149
0.0
100
AcDbLayout
  1
Model
 70
1
 71
0
 10
0.0
 20
0.0
 11
420.0
 21
297.0
 12
0.0
 22
0.0
 32
0.0
 14
1e+20
 24
1e+20
 34
1e+20
 15
-1e+20
 25
-1e+20
 35
-1e+20
146
0.0
 13
0.0
 23
0.0
 33
0.0
 16
1.0
 26
0.0
 36
0.0
 17
0.0
 27
1.0
 37
0.0
 76
1
330
17
  0
LAYOUT
  5
1E
330
D
100
AcDbPlotSettings
  1

  4
A3
  6

 40
7.5
 41
20.0
 42
7.5
 43
20.0
 44
420.0
 45
297.0
 46
0.0
 47
0.0
 48
0.0
 49
0.0
140
0.0
141
0.0
142
1.0
143
1.0
 70
0
 72
1
 73
0
 74
5
  7

 75
16
 76
0
 77
2
 78
300
147
1.0
148
0.0
149
0.0
100
AcDbLayout
  1
Layout1
 70
1
 71
1
 10
0.0
 20
0.0
 11
420.0
 21
297.0
 12
0.0
 22
0.0
 32
0.0
 14
1e+20
 24
1e+20
 34
1e+20
 15
-1e+20
 25
-1e+20
 35
-1e+20
146
0.0
 13
0.0
 23
0.0
 33
0.0
 16
1.0
 26
0.0
 36
0.0
 17
0.0
 27
1.0
 37
0.0
 76
1
330
1B
  0
MATERIAL
  5
1F
102
{ACAD_REACTORS
330
E
102
}
330
E
100
AcDbMaterial
  1
ByBlock
  2

 70
0
 40
1.0
 71
1
 41
1.0
 91
-1023410177
 42
1.0
 72
1
  3

 73
1
 74
1
 75
1
 44
0.5
 73
0
 45
1.0
 46
1.0
 77
1
  4

 78
1
 79
1
170
1
 48
1.0
171
1
  6

172
1
173
1
174
1
140
1.0
141
1.0
175
1
  7

176
1
177
1
178
1
143
1.0
179
1
  8

270
1
271
1
272
1
145
1.0
146
1.0
273
1
  9

274
1
275
1
276
1
 42
1.0
 72
1
  3

 73
1
 74
1
 75
1
 94
63
  0
MATERIAL
  5
20
102
{ACAD_REACTORS
330
E
102
}
330
E
100
AcDbMaterial
  1
ByLayer
  2

 70
0
 40
1.0
 71
1
 41
1.0
 91
-1023410177
 42
1.0
 72
1
  3

 73
1
 74
1
 75
1
 44
0.5
 73
0
 45
1.0
 46
1.0
 77
1
  4

 78
1
 79
1
170
1
 48
1.0
171
1
  6

172
1
173
1
174
1
140
1.0
141
1.0
175
1
  7

176
1
177
1
178
1
143
1.0
179
1
  8

270
1
271
1
272
1
145
1.0
146
1.0
273
1
  9

274
1
275
1
276
1
 42
1.0
 72
1
  3

 73
1
 74
1
 75
1
 94
63
  0
MATERIAL
  5
21
102
{ACAD_REACTORS
330
E
102
}
330
E
100
AcDbMaterial
  1
Global
  2

 70
0
 40
1.0
 71
1
 41
1.0
 91
-1023410177
 42
1.0
 72
1
  3

 73
1
 74
1
 75
1
 44
0.5
 73
0
 45
1.0
 46
1.0
 77
1
  4

 78
1
 79
1
170
1
 48
1.0
171
1
  6

172
1
173
1
174
1
140
1.0
141
1.0
175
1
  7

176
1
177
1
178
1
143
1.0
179
1
  8

270
1
271
1
272
1
145
1.0
146
1.0
273
1
  9

274
1
275
1
276
1
 42
1.0
 72
1
  3

 73
1
 74
1
 75
1
 94
63
  0
MLINESTYLE
  5
22
102
{ACAD_REACTORS
330
10
102
}
330
10
100
AcDbMlineStyle
  2
Standard
 70
0
  3

 62
256
 51
90.0
 52
90.0
 71
2
 49
0.5
 62
256
  6
BYLAYER
 49
-0.5
 62
256
  6
BYLAYER
  0
MLEADERSTYLE
  5
2C
102
{ACAD_REACTORS
330
F
102
}
330
F
100
AcDbMLeaderStyle
179
2
170
2
171
1
172
0
 90
2
 40
0.0
 41
0.0
173
1
 91
-1056964608
 92
-2
290
1
 42
2.0
291
1
 43
8.0
  3
Standard
 44
4.0
300

342
29
174
1
175
1
176
0
178
1
 93
-1056964608
 45
4.0
292
0
297
0
 46
4.0
 94
-1056964608
 47
1.0
 49
1.0
140
1.0
294
1
141
0.0
177
0
142
1.0
295
0
296
0
143
3.75
271
0
272
9
273
9
  0
DICTIONARY
  5
2D
330
A
100
AcDbDictionary
280
1
281
1
  3
CREATED_BY_EZDXF
350
2E
  3
WRITTEN_BY_EZDXF
350
459
  0
DICTIONARYVAR
  5
2E
330
2D
100
DictionaryVariables
280
0
  1
1.4.4 @ 2026-10-04T03:00:24.014037+00:00
  0
DICTIONARYVAR
  5
459
330
2D
100
DictionaryVariables
280
0
  1
1.4.4 @ 2026-10-04T03:00:24.027537+00:00
  0
ENDSEC
  0
EOF
